code,name,scope_group,industry,ent_type,event_count,latest_ann_date,locator_terms
000009,中国宝安,外汇,电力设备,其他,1,2025-04-16,"[""外汇远期""]"
000021,深科技,外汇,电子,央企,1,2025-12-31,"[""其他"", ""利率互换"", ""外汇掉期"", ""外汇远期"", ""美元"", ""远期结售汇""]"
000025,特  力Ａ,商品,综合,地方国企,1,2025-05-23,"[""其他"", ""期权"", ""期货"", ""黄金""]"
000027,深圳能源,外汇,公用事业,地方国企,1,2025-08-28,"[""外汇远期"", ""港币"", ""美元"", ""远期结售汇""]"
000031,大悦城,外汇,房地产,央企,1,2025-04-19,"[""利率互换"", ""场外衍生品"", ""外汇远期"", ""期权"", ""港币"", ""美元"", ""货币互换""]"
000034,神州数码,外汇,计算机,民企,1,2025-03-29,"[""利率互换"", ""外汇远期"", ""期权"", ""港币"", ""美元"", ""货币互换""]"
000035,中国天楹,商品+外汇,环保,民企,1,2025-08-22,"[""利率互换"", ""场外衍生品"", ""外汇掉期"", ""外汇远期"", ""期权"", ""期货"", ""美元"", ""远期结售汇""]"
000039,中集集团,商品+外汇,机械设备,其他,1,2026-01-31,"[""利率互换"", ""外汇掉期"", ""外汇远期"", ""期权"", ""期货"", ""欧元"", ""热轧卷板"", ""美元"", ""货币互换"", ""钢材""]"
000045,深纺织Ａ,外汇,电子,地方国企,1,2025-11-29,"[""其他"", ""利率互换"", ""场外衍生品"", ""外汇掉期"", ""外汇期权"", ""外汇远期"", ""日元"", ""期权"", ""期货"", ""美元"", ""货币互换"", ""远期结售汇""]"
000048,京基智农,外汇,农林牧渔,民企,1,2025-08-23,"[""外汇掉期"", ""期权"", ""远期结售汇""]"
000049,德赛电池,外汇,电力设备,其他,1,2025-04-22,"[""利率互换"", ""外汇掉期"", ""外汇远期"", ""期权"", ""美元"", ""货币互换""]"
000050,深天马Ａ,外汇,电子,央企,1,2025-08-23,"[""外汇掉期"", ""外汇远期""]"
000055,方大集团,商品+外汇,建筑材料,民企,1,2025-10-29,"[""利率互换"", ""外汇远期"", ""期权"", ""期货"", ""玻璃"", ""货币互换"", ""钢"", ""铝""]"
000059,华锦股份,外汇,石油石化,央企,1,2025-08-13,"[""外汇掉期"", ""外汇远期"", ""期权"", ""美元"", ""货币互换""]"
000060,中金岭南,商品,有色金属,地方国企,1,2025-04-15,"[""期货"", ""焦炭"", ""白银"", ""铅"", ""铜"", ""铝"", ""银"", ""锌"", ""镍"", ""黄金""]"
000062,深圳华强,商品+外汇,电子,外资,1,2025-10-29,"[""其他"", ""利率互换"", ""场外衍生品"", ""外汇远期"", ""期权"", ""港币"", ""美元"", ""货币互换""]"
000063,中兴通讯,外汇,通信,其他,1,2025-03-01,"[""其他"", ""利率互换"", ""外汇远期"", ""期权"", ""货币互换""]"
000065,北方国际,外汇,建筑装饰,央企,1,2025-04-01,"[""外汇掉期"", ""外汇远期"", ""美元""]"
000070,特发信息,商品,通信,地方国企,1,2025-11-21,"[""期权"", ""期货"", ""铝""]"
000100,TCL科技,商品+外汇,电子,其他,1,2025-08-30,"[""其他"", ""外汇掉期"", ""外汇远期"", ""期权"", ""期货""]"
000151,中成股份,外汇,商贸零售,央企,1,2025-04-24,"[""欧元"", ""美元"", ""远期结售汇""]"
000157,中联重科,商品+外汇,机械设备,其他,1,2025-03-25,"[""利率互换"", ""印尼卢比"", ""印尼盾"", ""场外衍生品"", ""期权"", ""期货"", ""欧元"", ""美元"", ""货币互换"", ""远期结售汇""]"
000158,常山北明,外汇,计算机,地方国企,1,2025-04-29,"[""其他"", ""利率互换"", ""外汇掉期"", ""外汇远期"", ""美元"", ""货币互换"", ""远期结售汇""]"
000301,东方盛虹,商品+外汇,石油石化,民企,2,2025-12-06,"[""乙二醇"", ""其他"", ""利率互换"", ""原油"", ""合成橡胶"", ""场外衍生品"", ""外汇掉期"", ""对二甲苯"", ""成品油"", ""期权"", ""期货"", ""液化石油气"", ""甲醇"", ""石脑油"", ""精对苯二甲酸"", ""纯苯"", ""美元"", ""苯乙烯"", ""货币互换"", ""远期结售汇""]"
000333,美的集团,商品+外汇,家用电器,民企,2,2025-03-29,"[""不锈钢"", ""其他"", ""利率互换"", ""印尼盾"", ""印度卢比"", ""埃及镑"", ""塑料"", ""外汇期权"", ""外汇远期"", ""巴西雷亚尔"", ""期权"", ""期货"", ""白银"", ""碳酸锂"", ""美元"", ""苯乙烯"", ""货币互换"", ""钢材"", ""铜"", ""铝"", ""锡""]"
000338,潍柴动力,商品+外汇,汽车,地方国企,1,2025-08-30,"[""场外衍生品"", ""外汇远期"", ""期权"", ""期货"", ""美元""]"
000404,长虹华意,外汇,家用电器,地方国企,1,2026-04-18,"[""场外衍生品"", ""外汇掉期"", ""外汇远期"", ""期权"", ""欧元"", ""美元"", ""远期结售汇""]"
000408,藏格矿业,商品+外汇,基础化工,地方国企,1,2025-12-26,"[""场外衍生品"", ""期权"", ""期货""]"
000415,渤海租赁,外汇,非银金融,其他,1,2025-04-03,"[""利率互换"", ""场外衍生品"", ""外汇远期"", ""期权"", ""欧元"", ""美元""]"
000425,徐工机械,外汇,机械设备,地方国企,1,2025-04-29,"[""利率互换"", ""外汇掉期"", ""外汇远期"", ""期权"", ""货币互换"", ""远期结售汇""]"
000426,兴业银锡,商品,有色金属,民企,1,2025-04-28,"[""有色金属"", ""期货"", ""贵金属"", ""黑色金属""]"
000505,京粮控股,商品+外汇,农林牧渔,地方国企,2,2025-03-29,"[""其他"", ""利率互换"", ""场外衍生品"", ""外汇掉期"", ""外汇远期"", ""大豆"", ""期权"", ""期货"", ""棕榈油"", ""欧元"", ""玉米"", ""美元"", ""花生"", ""菜油"", ""菜粕"", ""豆油"", ""豆粕"", ""货币互换""]"
000507,珠海港,外汇,交通运输,地方国企,1,2024-12-28,"[""利率互换"", ""场外衍生品"", ""外汇掉期"", ""外汇远期"", ""期权"", ""货币互换""]"
000513,丽珠集团,商品+外汇,医药生物,民企,2,2025-03-27,"[""其他"", ""外汇掉期"", ""外汇远期"", ""期权"", ""期货"", ""玉米淀粉"", ""白糖"", ""货币互换"", ""远期结售汇""]"
000521,长虹美菱,外汇,家用电器,地方国企,1,2025-04-03,"[""其他"", ""外汇掉期"", ""外汇远期"", ""期权"", ""欧元"", ""澳元"", ""美元""]"
000523,红棉股份,商品,食品饮料,地方国企,1,2025-04-01,"[""期权"", ""期货"", ""白糖""]"
000524,岭南控股,外汇,社会服务,地方国企,1,2025-03-29,"[""新西兰元"", ""日元"", ""欧元"", ""港币"", ""澳大利亚元"", ""美元"", ""远期结售汇""]"
000528,柳    工,外汇,机械设备,地方国企,1,2025-03-29,"[""其他"", ""利率互换"", ""印尼盾"", ""印度卢比"", ""外汇远期"", ""巴西雷亚尔"", ""期权"", ""波兰兹罗提"", ""货币互换"", ""远期结售汇""]"
000541,佛山照明,外汇,电子,地方国企,1,2025-04-25,"[""其他"", ""外汇掉期"", ""期权"", ""期货"", ""美元"", ""远期结售汇""]"
000546,金圆股份,商品+外汇,环保,民企,1,2025-09-30,"[""其他"", ""利率互换"", ""外汇掉期"", ""期权"", ""期货"", ""货币互换"", ""远期结售汇""]"
000550,江铃汽车,外汇,汽车,地方国企,1,2025-03-29,"[""欧元"", ""美元"", ""远期结售汇""]"
000553,安道麦A,外汇,基础化工,央企,1,2025-03-14,"[""以色列谢克尔"", ""场外衍生品"", ""外汇掉期"", ""外汇远期"", ""期权"", ""美元"", ""谢克尔""]"
000555,神州信息,商品+外汇,计算机,其他,1,2025-10-31,"[""其他"", ""利率互换"", ""场外衍生品"", ""外汇掉期"", ""期权"", ""期货"", ""货币互换"", ""远期结售汇""]"
000599,青岛双星,外汇,汽车,地方国企,1,2025-10-25,"[""其他"", ""场外衍生品"", ""外汇掉期"", ""外汇期权"", ""外汇远期"", ""欧元"", ""美元"", ""远期结售汇""]"
000603,盛达资源,商品+外汇,有色金属,民企,1,2025-11-29,"[""场外衍生品"", ""期权"", ""期货"", ""白银"", ""远期"", ""铅"", ""铜"", ""锌"", ""镍"", ""黄金""]"
000612,焦作万方,商品,有色金属,民企,1,2025-03-29,"[""动力煤"", ""场外衍生品"", ""工业硅"", ""期权"", ""期货"", ""氧化铝"", ""硅铁"", ""铜"", ""铝"", ""镍""]"
000625,长安汽车,外汇,汽车,央企,1,2025-02-15,"[""卢布"", ""墨西哥比索"", ""日元"", ""欧元"", ""泰铢"", ""美元"", ""远期结售汇""]"
000626,远大控股,商品+外汇,商贸零售,民企,1,2025-12-13,"[""不锈钢"", ""乙二醇"", ""动力煤"", ""原油"", ""合成橡胶"", ""场外衍生品"", ""外汇掉期"", ""外汇远期"", ""大豆"", ""天然橡胶"", ""对二甲苯"", ""小麦"", ""工业硅"", ""期权"", ""期货"", ""棉纱"", ""棉花"", ""棕榈油"", ""氧化铝"", ""水稻"", ""汽油"", ""沥青"", ""烧碱"", ""热卷板"", ""焦炭"", ""焦煤"", ""燃料油"", ""玉米"", ""玉米淀粉"", ""玻璃"", ""甲醇"", ""瘦肉猪"", ""白糖"", ""白银"", ""短纤"", ""石脑油"", ""硅"", ""硅铁"", ""碳酸锂"", ""精对苯二甲酸"", ""红枣"", ""纯碱"", ""纯苯"", ""纸桨"", ""美元指数"", ""聚丙烯"", ""聚乙烯"", ""聚氯乙烯"", ""苯乙烯"", ""苹果"", ""菜籽油"", ""菜籽粕"", ""螺纹钢"", ""豆油"", ""豆粕"", ""货币互换"", ""远期结售汇"", ""铁矿石"", ""铅"", ""铜"", ""铝"", ""锌"", ""锡"", ""锰硅"", ""镁"", ""镍"", ""鲜鸡蛋"", ""黄金""]"
000630,铜陵有色,外汇,有色金属,地方国企,1,2025-04-23,"[""利率互换"", ""期权"", ""美元"", ""货币互换"", ""远期结售汇""]"
000632,三木集团,外汇,综合,地方国企,1,2025-10-30,"[""利率互换"", ""外汇掉期"", ""外汇远期"", ""期权"", ""期货"", ""美元"", ""货币互换"", ""远期结售汇""]"
000635,英 力 特,商品,基础化工,央企,1,2026-01-20,"[""PVC"", ""期货""]"
000636,风华高科,商品+外汇,电子,地方国企,2,2025-12-24,"[""外汇掉期"", ""期权"", ""期货"", ""货币互换"", ""远期结售汇""]"
000651,格力电器,商品+外汇,家用电器,其他,2,2025-10-31,"[""其他"", ""外汇掉期"", ""外汇远期"", ""期权"", ""期货"", ""货币互换"", ""铜"", ""铝""]"
000676,智度股份,外汇,传媒,民企,1,2025-12-09,"[""外汇掉期"", ""外汇期权"", ""期权"", ""美元"", ""远期结售汇""]"
000680,山推股份,外汇,机械设备,地方国企,1,2025-04-23,"[""其他"", ""外汇掉期"", ""期权"", ""美元"", ""远期结售汇""]"
000681,视觉中国,商品+外汇,传媒,民企,1,2025-08-28,"[""其他"", ""外汇掉期"", ""外汇远期"", ""期权"", ""期货"", ""远期结售汇""]"
000690,宝新能源,商品+外汇,公用事业,民企,1,2024-10-29,"[""动力煤"", ""外汇掉期"", ""期货"", ""美元"", ""远期结售汇""]"
000695,滨海能源,商品+外汇,电力设备,民企,1,2025-10-29,"[""其他"", ""场外衍生品"", ""期权"", ""期货""]"
000700,模塑科技,商品+外汇,汽车,民企,1,2025-05-23,"[""其他"", ""利率互换"", ""场外衍生品"", ""外汇掉期"", ""外汇远期"", ""期权"", ""期货"", ""货币互换""]"
000701,厦门信达,商品+外汇,商贸零售,地方国企,2,2025-04-19,"[""不锈钢"", ""互换"", ""其他"", ""利率互换"", ""场外衍生品"", ""外汇掉期"", ""外汇期权"", ""外汇远期"", ""掉期"", ""日元"", ""期权"", ""期货"", ""欧元"", ""氧化铝"", ""港币"", ""热卷"", ""焦炭"", ""焦煤"", ""白银"", ""碳酸锂"", ""美元"", ""螺纹钢"", ""货币互换"", ""铁矿石"", ""铅"", ""铜"", ""铝"", ""锌"", ""锡"", ""镍"", ""黄金""]"
000703,恒逸石化,商品+外汇,基础化工,民企,2,2025-08-19,"[""PTA"", ""乙二醇"", ""其他"", ""利率互换"", ""原油"", ""场外衍生品"", ""外汇掉期"", ""外汇远期"", ""对二甲苯"", ""成品油"", ""期权"", ""期货"", ""石脑油"", ""精对苯二甲酸"", ""美元"", ""聚酯瓶片"", ""聚酯纤维"", ""能源品"", ""苯"", ""货币互换"", ""远期"", ""远期结售汇""]"
000708,中信特钢,外汇,钢铁,央企,1,2025-08-20,"[""欧元"", ""美元"", ""远期结售汇""]"
000717,中南股份,商品+外汇,钢铁,央企,1,2025-03-29,"[""利率互换"", ""期货"", ""焦煤"", ""美元"", ""螺纹钢"", ""货币互换"", ""远期结售汇"", ""铁矿石""]"
000721,西安饮食,商品+外汇,社会服务,地方国企,1,2025-11-29,"[""场外衍生品"", ""期权"", ""期货""]"
000723,美锦能源,商品,煤炭,民企,1,2025-04-26,"[""期货"", ""焦炭""]"
000725,京东方Ａ,商品+外汇,电子,地方国企,1,2025-08-28,"[""利率互换"", ""场外衍生品"", ""外汇远期"", ""期权"", ""货币互换""]"
000726,鲁  泰Ａ,商品+外汇,纺织服饰,民企,1,2025-10-31,"[""利率互换"", ""外汇掉期"", ""外汇远期"", ""期权"", ""期货"", ""瑞尔"", ""缅甸元"", ""美元"", ""货币互换"", ""越南盾"", ""越盾"", ""远期结售汇""]"
000727,冠捷科技,外汇,电子,央企,1,2025-10-29,"[""其他"", ""利率互换"", ""外汇掉期"", ""期权"", ""美元"", ""货币互换"", ""远期结售汇""]"
000735,罗 牛 山,商品,农林牧渔,民企,1,2025-11-25,"[""期货"", ""玉米"", ""生猪"", ""豆粕""]"
000737,北方铜业,外汇,有色金属,地方国企,1,2025-04-25,"[""利率互换"", ""场外衍生品"", ""外汇掉期"", ""期权"", ""美元"", ""货币互换"", ""远期结售汇""]"
000751,锌业股份,商品+外汇,有色金属,民企,1,2025-11-22,"[""动力煤"", ""外汇"", ""期货"", ""焦炭"", ""焦煤"", ""电解铜"", ""电铅"", ""白银"", ""金"", ""铅"", ""铅锌混合矿"", ""铜"", ""铜精矿"", ""银"", ""锌"", ""锌精矿"", ""锌锭"", ""黄金""]"
000757,浩物股份,外汇,汽车,民企,1,2025-09-06,"[""其他"", ""外汇远期"", ""欧元""]"
000758,中色股份,商品,有色金属,央企,1,2025-03-27,"[""期货"", ""锌""]"
000782,恒申新材,外汇,基础化工,民企,1,2025-10-30,"[""其他"", ""利率互换"", ""场外衍生品"", ""外汇掉期"", ""外汇期权"", ""日元"", ""期权"", ""欧元"", ""美元"", ""远期结售汇""]"
000792,盐湖股份,商品,基础化工,央企,1,2025-05-27,"[""期货"", ""碳酸锂""]"
000797,中国武夷,外汇,房地产,地方国企,1,2025-02-27,"[""美元"", ""远期结售汇""]"
000803,山高环能,商品+外汇,环保,地方国企,1,2025-10-31,"[""场外衍生品"", ""期权"", ""期货""]"
000810,创维数字,外汇,家用电器,外资,1,2025-12-30,"[""其他"", ""利率互换"", ""外汇掉期"", ""外汇远期"", ""期权"", ""货币互换"", ""远期结售汇""]"
000816,智慧农业,商品+外汇,有色金属,外资,2,2025-10-25,"[""外汇远期"", ""期货"", ""锌""]"
000819,岳阳兴长,商品,石油石化,央企,1,2025-12-13,"[""丙烯"", ""期权"", ""期货"", ""甲醇"", ""聚丙烯"", ""钯"", ""铂""]"
000821,京山轻机,外汇,电力设备,民企,1,2025-04-26,"[""利率互换"", ""外汇掉期"", ""外汇远期"", ""期权"", ""欧元"", ""美元""]"
000822,山东海化,商品,基础化工,地方国企,1,2025-03-07,"[""期权"", ""期货"", ""烧碱"", ""纯碱""]"
000823,超声电子,商品+外汇,电子,地方国企,1,2025-09-30,"[""其他"", ""场外衍生品"", ""外汇远期"", ""期权"", ""期货"", ""货币互换""]"
000825,太钢不锈,外汇,钢铁,央企,1,2025-03-11,"[""外汇远期"", ""欧元"", ""美元""]"
000830,鲁西化工,外汇,基础化工,央企,1,2025-09-29,"[""外汇掉期"", ""外汇期权"", ""外汇远期"", ""期权"", ""欧元"", ""美元"", ""远期结售汇""]"
000850,华茂股份,商品+外汇,纺织服饰,地方国企,1,2025-10-31,"[""利率互换"", ""外汇掉期"", ""外汇远期"", ""期权"", ""期货"", ""棉花"", ""货币互换"", ""远期结售汇"", ""铜""]"
000876,新 希 望,商品+外汇,农林牧渔,民企,1,2025-12-11,"[""场外衍生品"", ""大豆"", ""小麦"", ""期权"", ""期货"", ""棕榈油"", ""淀粉"", ""玉米"", ""生猪"", ""菜粕"", ""豆油"", ""豆粕"", ""鸡肉""]"
000878,云南铜业,商品+外汇,有色金属,央企,2,2025-03-26,"[""期权"", ""期货"", ""美元"", ""货币互换"", ""远期结售汇"", ""金"", ""铜"", ""银"", ""锌""]"
000887,中鼎股份,外汇,汽车,民企,1,2025-04-29,"[""其他"", ""利率互换"", ""外汇掉期"", ""期权"", ""期货"", ""欧元"", ""美元"", ""英镑"", ""远期结售汇""]"
000892,欢瑞世纪,商品+外汇,传媒,民企,1,2025-11-25,"[""利率"", ""商品"", ""场外衍生品"", ""指数"", ""汇率"", ""证券"", ""货币""]"
000895,双汇发展,商品+外汇,食品饮料,外资,2,2025-11-27,"[""其他"", ""利率互换"", ""场外衍生品"", ""外汇掉期"", ""外汇期权"", ""外汇远期"", ""大豆"", ""大豆油"", ""期权"", ""期货"", ""棕榈油"", ""欧元"", ""淀粉"", ""玉米"", ""生猪"", ""白糖"", ""纸浆"", ""美元"", ""豆油"", ""豆粕"", ""货币互换"", ""远期结售汇"", ""铝锭"", ""鸡肉""]"
000898,鞍钢股份,商品,钢铁,央企,1,2025-03-31,"[""动力煤"", ""合金"", ""有色"", ""期货"", ""热轧卷板"", ""焦炭"", ""焦煤"", ""螺纹钢"", ""铁矿石""]"
000901,航天科技,外汇,汽车,央企,1,2025-03-31,"[""人民币"", ""利率互换"", ""场外衍生品"", ""外汇远期"", ""日元"", ""期权"", ""欧元"", ""美元""]"
000905,厦门港务,商品+外汇,交通运输,地方国企,1,2025-08-26,"[""互换"", ""利率互换"", ""动力煤"", ""原木"", ""双胶纸"", ""场外衍生品"", ""外汇掉期"", ""外汇远期"", ""多晶硅"", ""大豆"", ""小麦"", ""工业硅"", ""日元"", ""期权"", ""期货"", ""棕榈油"", ""欧元"", ""港币"", ""澳元"", ""热卷"", ""玉米"", ""瑞典克朗"", ""瓦楞纸"", ""白糖"", ""硅铁"", ""纸浆"", ""美元"", ""聚丙烯"", ""聚乙烯"", ""聚氯乙烯"", ""花生"", ""菜籽油"", ""菜粕"", ""螺纹钢"", ""豆粕"", ""货币互换"", ""远期"", ""远期结售汇"", ""铜""]"
000906,浙商中拓,商品+外汇,交通运输,地方国企,2,2024-12-11,"[""其他"", ""农产品"", ""加元"", ""印尼盾"", ""场外衍生品"", ""外汇掉期"", ""外汇远期"", ""新币"", ""日元"", ""期权"", ""期货"", ""欧元"", ""港币"", ""澳元"", ""矿产品"", ""美元"", ""能源化工产品"", ""英镑"", ""货币互换"", ""远期结售汇"", ""金属产品"", ""韩币""]"
000913,钱江摩托,商品+外汇,汽车,民企,2,2025-08-27,"[""期权"", ""期货"", ""美元"", ""远期结售汇"", ""铜"", ""铝""]"
000921,海信家电,外汇,家用电器,民企,1,2025-03-29,"[""利率互换"", ""外汇掉期"", ""货币互换"", ""远期结售汇""]"
000927,中国铁物,商品,交通运输,央企,1,2024-12-14,"[""原油"", ""期货""]"
000930,中粮科技,商品,农林牧渔,央企,1,2025-04-26,"[""布伦特原油"", ""期货"", ""淀粉"", ""玉米"", ""白糖"", ""豆油"", ""豆粕""]"
000932,华菱钢铁,商品,钢铁,地方国企,1,2025-03-22,"[""动力煤"", ""场外衍生品"", ""期权"", ""期货"", ""海运"", ""焦炭"", ""焦煤"", ""硅铁"", ""硅锰"", ""钢材"", ""铁矿石"", ""镍""]"
000933,神火股份,商品,有色金属,地方国企,1,2025-03-25,"[""期货"", ""氧化铝"", ""铝锭""]"
000936,华西股份,商品+外汇,基础化工,地方国企,1,2025-04-29,"[""MEG"", ""PTA"", ""乙二醇(MEG)"", ""场外衍生品"", ""期权"", ""期货"", ""涤纶短纤"", ""涤纶短纤(PF)"", ""精对苯二甲酸(PTA)""]"
000938,紫光股份,外汇,计算机,其他,1,2024-12-07,"[""其他"", ""外汇掉期"", ""外汇远期"", ""期权"", ""远期结售汇""]"
000957,中通客车,外汇,汽车,地方国企,1,2025-04-26,"[""外汇掉期"", ""期权"", ""远期结售汇""]"
000960,锡业股份,商品+外汇,有色金属,地方国企,2,2024-12-31,"[""外汇掉期"", ""外汇期权"", ""期货"", ""白银"", ""美元"", ""货币互换"", ""远期结售汇"", ""铅"", ""铜"", ""铝"", ""锌"", ""锡"", ""镍"", ""黄金""]"
000963,华东医药,商品+外汇,医药生物,民企,1,2025-08-20,"[""利率互换"", ""场外衍生品"", ""外汇掉期"", ""外汇远期"", ""期权"", ""期货"", ""美元"", ""货币互换""]"
000967,盈峰环境,商品+外汇,环保,民企,1,2025-12-13,"[""利率互换"", ""场外衍生品"", ""外汇掉期"", ""外汇期权"", ""期权"", ""期货"", ""美元"", ""货币互换"", ""远期"", ""远期结售汇""]"
000970,中科三环,外汇,有色金属,央企,1,2025-11-11,"[""场外衍生品"", ""外汇期权"", ""期权"", ""美元"", ""远期结售汇""]"
000973,佛塑科技,外汇,基础化工,地方国企,1,2025-08-29,"[""其他"", ""利率互换"", ""外汇掉期"", ""期权"", ""远期结售汇""]"
000977,浪潮信息,外汇,计算机,地方国企,1,2025-10-31,"[""其他"", ""利率"", ""利率互换"", ""外汇掉期"", ""外汇远期"", ""期权"", ""汇率"", ""货币"", ""货币互换"", ""远期结售汇""]"
000988,华工科技,外汇,机械设备,地方国企,1,2025-12-02,"[""利率互换"", ""利率掉期"", ""外汇掉期"", ""外汇期权"", ""外汇远期"", ""期权"", ""美元"", ""货币互换"", ""远期结售汇""]"
000997,新 大 陆,外汇,计算机,民企,1,2025-04-23,"[""其他"", ""利率互换"", ""场外衍生品"", ""外汇掉期"", ""外汇远期"", ""欧元"", ""港币"", ""澳元"", ""瑞郎"", ""美元"", ""货币互换"", ""远期结售汇"", ""雷亚尔""]"
000998,隆平高科,外汇,农林牧渔,央企,1,2025-08-23,"[""人民币"", ""其他"", ""利率互换"", ""外汇掉期"", ""外汇远期"", ""美元"", ""货币互换"", ""远期结售汇"", ""雷亚尔""]"
001202,炬申股份,外汇,交通运输,民企,1,2025-10-31,"[""其他"", ""几内亚法郎"", ""利率互换"", ""利率掉期"", ""场外衍生品"", ""外汇掉期"", ""外汇期权"", ""外汇远期"", ""期权"", ""美元"", ""货币互换"", ""远期结售汇""]"
001206,依依股份,商品+外汇,美容护理,民企,1,2025-06-26,"[""其他"", ""利率互换"", ""外汇掉期"", ""期权"", ""期货"", ""货币互换"", ""远期结售汇""]"
001207,联科科技,商品+外汇,基础化工,民企,2,2025-10-16,"[""其他"", ""外汇掉期"", ""外汇期权"", ""期权"", ""期货"", ""欧元"", ""纯碱"", ""美元"", ""货币互换"", ""远期结售汇""]"
001208,华菱线缆,商品,电力设备,地方国企,1,2025-03-29,"[""期货"", ""铜"", ""铝""]"
001211,双枪科技,商品+外汇,轻工制造,民企,1,2025-04-25,"[""其他"", ""场外衍生品"", ""期权"", ""期货""]"
001218,丽臣实业,外汇,基础化工,民企,1,2024-12-12,"[""其他"", ""利率互换"", ""外汇掉期"", ""外汇期权"", ""期权"", ""美元"", ""远期结售汇""]"
001221,悍高集团,外汇,轻工制造,民企,1,2025-08-29,"[""其他"", ""利率互换"", ""外汇掉期"", ""期权"", ""货币互换"", ""远期结售汇""]"
001228,永泰运,外汇,交通运输,民企,1,2025-11-19,"[""其他"", ""利率互换"", ""外汇掉期"", ""外汇远期"", ""期权"", ""美元"", ""货币互换"", ""远期结售汇""]"
001234,泰慕士,外汇,纺织服饰,地方国企,1,2025-12-12,"[""利率互换"", ""外汇掉期"", ""期权"", ""货币互换"", ""远期结售汇""]"
001238,浙江正特,外汇,轻工制造,民企,1,2025-04-29,"[""美元"", ""远期结售汇""]"
001256,炜冈科技,外汇,机械设备,民企,1,2025-04-29,"[""其他"", ""场外衍生品"", ""外汇掉期"", ""期权"", ""欧元"", ""美元"", ""远期结售汇""]"
001279,强邦新材,商品+外汇,轻工制造,民企,1,2025-12-31,"[""场外衍生品"", ""期权"", ""期货"", ""美元"", ""远期结售汇""]"
001283,豪鹏科技,商品+外汇,电力设备,民企,2,2025-04-28,"[""其他"", ""场外衍生品"", ""外汇掉期"", ""期权"", ""期货"", ""美元"", ""货币互换"", ""远期结售汇"", ""金属镍"", ""镍""]"
001287,中电港,商品+外汇,电子,央企,1,2025-10-30,"[""其他"", ""利率互换"", ""外汇掉期"", ""外汇远期"", ""期权"", ""期货"", ""美元"", ""货币互换"", ""远期结售汇""]"
001288,运机集团,外汇,机械设备,民企,1,2025-08-05,"[""其他"", ""利率互换"", ""外汇掉期"", ""外汇期权"", ""期权"", ""美元"", ""货币互换"", ""远期结售汇""]"
001298,好上好,外汇,电子,外资,1,2025-09-27,"[""外汇掉期"", ""期权"", ""期货"", ""欧元"", ""港币"", ""美元"", ""货币互换"", ""远期结售汇""]"
001300,三柏硕,外汇,轻工制造,民企,1,2025-08-21,"[""其他"", ""利率互换"", ""外汇掉期"", ""外汇远期"", ""期权"", ""美元"", ""远期结售汇""]"
001308,康冠科技,外汇,电子,民企,1,2025-10-29,"[""利率互换"", ""场外衍生品"", ""外汇掉期"", ""外汇远期"", ""期权""]"
001309,德明利,外汇,电子,民企,1,2025-09-02,"[""其他"", ""利率互换"", ""场外衍生品"", ""外汇掉期"", ""外汇期权"", ""期权"", ""港币"", ""美元"", ""货币互换"", ""远期结售汇""]"
001316,润贝航科,外汇,石油石化,外资,1,2025-06-26,"[""利率互换"", ""外汇掉期"", ""期权"", ""美元"", ""货币互换"", ""远期结售汇""]"
001322,箭牌家居,外汇,轻工制造,民企,1,2025-11-11,"[""利率互换"", ""场外衍生品"", ""外汇掉期"", ""外汇期权"", ""期权"", ""美元"", ""远期结售汇""]"
001323,慕思股份,商品+外汇,轻工制造,民企,1,2025-10-30,"[""其他"", ""场外衍生品"", ""外汇掉期"", ""外汇期权"", ""期权"", ""期货"", ""远期结售汇""]"
001326,联域股份,外汇,电子,民企,1,2025-08-28,"[""美元"", ""远期结售汇""]"
001331,胜通能源,商品+外汇,公用事业,民企,2,2025-08-27,"[""BRENT原油"", ""Henry Hub天然气"", ""JCC原油"", ""JKM天然气"", ""TTF天然气"", ""其他"", ""场外衍生品"", ""外汇掉期"", ""掉期"", ""期权"", ""期货"", ""欧元"", ""美元"", ""货币互换"", ""远期"", ""远期结售汇""]"
001332,锡装股份,外汇,机械设备,民企,1,2025-11-20,"[""其他"", ""利率互换"", ""外汇掉期"", ""期权"", ""欧元"", ""美元"", ""远期结售汇""]"
001333,光华股份,商品+外汇,基础化工,民企,1,2025-10-27,"[""PTA"", ""利率互换"", ""外汇掉期"", ""期权"", ""期货"", ""欧元"", ""港币"", ""美元"", ""货币互换"", ""远期结售汇""]"
001335,信凯科技,外汇,基础化工,民企,1,2025-06-05,"[""其他"", ""场外衍生品"", ""外汇掉期"", ""外汇远期"", ""期权"", ""欧元"", ""美元"", ""货币互换"", ""远期结售汇""]"
001338,永顺泰,外汇,农林牧渔,地方国企,1,2024-12-30,"[""外汇掉期"", ""外汇远期"", ""期权"", ""美元"", ""远期结售汇""]"
001356,富岭股份,外汇,轻工制造,民企,1,2025-05-13,"[""其他"", ""利率互换"", ""外汇掉期"", ""期权"", ""远期结售汇""]"
001368,通达创智,外汇,轻工制造,外资,1,2025-08-23,"[""利率互换"", ""外汇掉期"", ""期权"", ""美元"", ""远期结售汇""]"
001373,翔腾新材,外汇,电子,民企,1,2025-04-26,"[""场外衍生品"", ""外汇掉期"", ""期权"", ""期货"", ""美元"", ""远期结售汇""]"
001378,德冠新材,外汇,基础化工,民企,1,2025-10-29,"[""其他"", ""利率互换"", ""场外衍生品"", ""外汇掉期"", ""期权"", ""欧元"", ""美元""]"
001379,腾达科技,外汇,机械设备,民企,1,2025-04-25,"[""其他"", ""外汇掉期"", ""外汇期权"", ""外汇远期"", ""期权"", ""欧元"", ""美元"", ""货币互换""]"
001380,华纬科技,外汇,汽车,民企,1,2025-04-10,"[""欧元"", ""美元"", ""远期结售汇""]"
001387,雪祺电气,外汇,家用电器,民企,1,2025-12-13,"[""其他"", ""利率互换"", ""利率掉期"", ""利率期权"", ""外汇掉期"", ""外汇期权"", ""外汇远期"", ""期权"", ""期货"", ""欧元"", ""美元"", ""货币互换"", ""远期结售汇""]"
001696,宗申动力,外汇,机械设备,民企,1,2025-08-26,"[""外汇掉期"", ""外汇远期"", ""欧元"", ""美元"", ""远期结售汇""]"
001872,招商港口,外汇,交通运输,央企,1,2025-04-03,"[""人民币"", ""场外衍生品"", ""港币"", ""美元"", ""货币互换""]"
002001,新 和 成,外汇,医药生物,民企,1,2025-12-11,"[""其他"", ""外汇掉期"", ""日元"", ""期权"", ""欧元"", ""美元"", ""货币互换"", ""远期结售汇""]"
002004,华邦健康,外汇,医药生物,民企,1,2024-12-11,"[""外汇掉期"", ""外汇期权"", ""外汇远期"", ""期权"", ""欧元"", ""美元"", ""货币互换"", ""远期结售汇""]"
002005,ST德豪,商品+外汇,家用电器,其他,1,2025-12-04,"[""其他"", ""利率互换"", ""外汇远期"", ""期权"", ""期货"", ""货币互换"", ""远期结售汇""]"
002009,天奇股份,商品+外汇,机械设备,民企,2,2025-12-11,"[""其他"", ""利率互换"", ""场外衍生品"", ""外汇掉期"", ""期权"", ""期货"", ""欧元"", ""碳酸锂"", ""美元"", ""货币互换"", ""远期结售汇"", ""钴"", ""镍""]"
002010,传化智联,商品+外汇,交通运输,民企,2,2025-09-20,"[""丁二烯橡胶"", ""利率互换"", ""场外衍生品"", ""外汇掉期"", ""期权"", ""期货"", ""美元"", ""远期结售汇""]"
002011,盾安环境,商品+外汇,家用电器,其他,2,2025-08-23,"[""外汇掉期"", ""外汇远期"", ""期权"", ""期货"", ""欧元"", ""泰铢"", ""美元"", ""货币互换"", ""远期结售汇"", ""铜"", ""铝"", ""锌""]"
002014,永新股份,商品+外汇,轻工制造,集体,1,2025-03-21,"[""场外衍生品"", ""外汇互换"", ""外汇掉期"", ""外汇期权"", ""外汇期货"", ""期权"", ""期货"", ""欧元"", ""美元"", ""聚丙烯"", ""聚丙烯（PP）"", ""聚乙烯"", ""聚乙烯（PE）"", ""货币掉期"", ""远期结售汇""]"
002015,协鑫能科,商品+外汇,公用事业,民企,1,2025-12-13,"[""利率"", ""利率互换"", ""商品"", ""场外衍生品"", ""外汇"", ""外汇掉期"", ""指数"", ""期权"", ""期货"", ""证券"", ""远期结售汇""]"
002019,亿帆医药,外汇,医药生物,民企,1,2025-04-28,"[""利率互换"", ""外汇掉期"", ""外汇远期"", ""期权"", ""货币互换""]"
002020,京新药业,外汇,医药生物,民企,1,2025-09-25,"[""其他"", ""利率互换"", ""外汇掉期"", ""期权"", ""欧元"", ""美元"", ""货币互换"", ""远期结售汇""]"
002021,中捷资源,外汇,机械设备,地方国企,1,2025-04-26,"[""其他"", ""利率互换"", ""场外衍生品"", ""外汇掉期"", ""期权"", ""货币互换"", ""远期结售汇""]"
002022,科华生物,外汇,医药生物,民企,1,2025-10-14,"[""其他"", ""利率互换"", ""场外衍生品"", ""外汇掉期"", ""期权"", ""欧元"", ""美元"", ""远期结售汇""]"
002026,山东威达,外汇,机械设备,民企,1,2025-12-31,"[""外汇掉期"", ""外汇远期"", ""欧元"", ""美元"", ""远期结售汇""]"
002027,分众传媒,商品+外汇,传媒,外资,1,2025-05-22,"[""场外衍生品"", ""期权"", ""期货""]"
002028,思源电气,商品,电力设备,民企,1,2025-07-09,"[""期货"", ""铜""]"
002029,七 匹 狼,商品+外汇,纺织服饰,民企,1,2025-04-03,"[""利率"", ""利率互换"", ""商品"", ""场外衍生品"", ""外汇远期"", ""指数"", ""期权"", ""期货"", ""汇率"", ""证券"", ""货币"", ""货币互换""]"
002032,苏 泊 尔,外汇,家用电器,外资,1,2025-12-13,"[""外汇掉期"", ""外汇远期"", ""美元"", ""货币互换""]"
002034,旺能环境,商品,环保,民企,1,2025-08-28,"[""其他"", ""期权"", ""期货""]"
002035,华帝股份,外汇,家用电器,民企,1,2025-04-29,"[""外汇掉期"", ""外汇期权"", ""外汇远期结售汇""]"
002036,联创电子,外汇,电子,民企,1,2025-04-26,"[""外汇掉期"", ""外汇期权"", ""外汇远期结售汇"", ""期权"", ""远期结售汇""]"
002042,华孚时尚,商品,纺织服饰,民企,1,2025-04-26,"[""期货"", ""棉纱"", ""棉花""]"
002043,兔 宝 宝,商品+外汇,建筑材料,民企,1,2025-10-29,"[""场外衍生品"", ""期权"", ""期货""]"
002045,国光电器,外汇,电子,民企,1,2025-11-13,"[""利率互换"", ""外汇掉期"", ""外汇期权"", ""期权"", ""货币互换"", ""远期结售汇""]"
002048,宁波华翔,外汇,汽车,民企,1,2025-04-29,"[""欧元"", ""美元"", ""远期结售汇""]"
002050,三花智控,商品+外汇,家用电器,民企,2,2025-07-31,"[""不锈钢"", ""其他"", ""外汇掉期"", ""日元"", ""期权"", ""期货"", ""欧元"", ""欧线集运指数"", ""美元"", ""远期结售汇"", ""铜"", ""铝"", ""锌"", ""镍""]"
002051,中工国际,外汇,建筑装饰,央企,1,2025-04-04,"[""欧元"", ""美元"", ""远期结售汇""]"
002054,德美化工,外汇,基础化工,民企,1,2025-08-22,"[""场外衍生品"", ""外汇掉期"", ""外汇远期"", ""期权"", ""货币互换""]"
002055,得润电子,外汇,电子,民企,1,2025-03-28,"[""外汇掉期"", ""外汇远期"", ""期权"", ""期货""]"
002056,横店东磁,外汇,电力设备,集体,1,2025-08-21,"[""其他"", ""外汇掉期"", ""外汇远期"", ""日元"", ""期权"", ""期货"", ""欧元"", ""美元"", ""货币互换"", ""远期结售汇""]"
002064,华峰化学,商品+外汇,基础化工,民企,1,2025-08-28,"[""其他"", ""利率互换"", ""场外衍生品"", ""外汇掉期"", ""外汇远期"", ""期权"", ""货币互换"", ""远期结售汇""]"
002067,景兴纸业,商品+外汇,轻工制造,民企,1,2025-12-09,"[""其他"", ""利率互换"", ""利率掉期"", ""场外衍生品"", ""外汇掉期"", ""外汇期权"", ""期权"", ""期货"", ""美元"", ""远期结售汇""]"
002073,软控股份,外汇,机械设备,民企,1,2025-12-11,"[""其他"", ""利率互换"", ""场外衍生品"", ""外汇掉期"", ""外汇远期"", ""期权"", ""欧元"", ""美元"", ""货币互换"", ""远期结售汇""]"
002074,国轩高科,商品+外汇,电力设备,民企,1,2025-04-25,"[""其他"", ""利率互换"", ""印尼盾"", ""外汇掉期"", ""外汇远期"", ""日元"", ""期权"", ""期货"", ""欧元"", ""泰铢"", ""港币"", ""美元"", ""货币互换"", ""远期结售汇""]"
002075,沙钢股份,商品+外汇,钢铁,民企,1,2025-10-30,"[""其他"", ""期货""]"
002078,太阳纸业,商品+外汇,轻工制造,民企,1,2025-08-28,"[""其他"", ""利率互换"", ""外汇掉期"", ""外汇远期"", ""期权"", ""期货"", ""欧元"", ""美元"", ""货币互换"", ""远期结售汇""]"
002079,苏州固锝,商品+外汇,电力设备,民企,1,2025-04-15,"[""利率互换"", ""外汇掉期"", ""期权"", ""期货"", ""白银"", ""美元"", ""远期结售汇"", ""铜"", ""黄金""]"
002080,中材科技,外汇,建筑材料,央企,1,2025-03-20,"[""外汇掉期"", ""期权"", ""远期结售汇""]"
002084,海鸥住工,外汇,轻工制造,外资,1,2025-04-29,"[""欧元"", ""美元"", ""远期结售汇""]"
002085,万丰奥威,商品+外汇,汽车,民企,2,2025-04-29,"[""其他"", ""利率互换"", ""外汇掉期"", ""工业硅"", ""日元"", ""期权"", ""期货"", ""欧元"", ""美元"", ""远期结售汇"", ""铝""]"
002091,江苏国泰,商品+外汇,商贸零售,地方国企,1,2025-08-23,"[""其他"", ""场外衍生品"", ""日元"", ""期权"", ""期货"", ""欧元"", ""美元"", ""远期结售汇""]"
002092,中泰化学,商品,基础化工,地方国企,1,2025-07-05,"[""期货"", ""离子膜烧碱"", ""粘胶纤维"", ""粘胶纱"", ""聚氯乙烯树脂""]"
002094,青岛金王,外汇,轻工制造,民企,1,2025-04-19,"[""其他"", ""外汇掉期"", ""外汇期权"", ""外汇远期"", ""期权"", ""美元"", ""远期结售汇""]"
002095,生 意 宝,商品,传媒,民企,1,2025-07-05,"[""LPG"", ""MEG"", ""PP"", ""PTA"", ""PVC"", ""meg"", ""pp"", ""pvc"", ""动力煤"", ""塑料"", ""尿素"", ""期货"", ""棉纱"", ""棉花"", ""棕榈油"", ""橡胶"", ""沥青"", ""淀粉"", ""热卷"", ""焦炭"", ""焦煤"", ""燃料油"", ""玉米"", ""玻璃"", ""生猪"", ""甲醇"", ""白糖"", ""短纤"", ""硅铁"", ""红枣"", ""纯碱"", ""纸浆"", ""苯乙烯"", ""苹果"", ""菜油"", ""菜粕"", ""螺纹"", ""豆油"", ""豆粕"", ""铁矿"", ""铜"", ""铝"", ""锌"", ""锡"", ""锰硅"", ""镍""]"
002097,山河智能,商品+外汇,机械设备,地方国企,1,2025-04-26,"[""利率互换"", ""印度卢比"", ""场外衍生品"", ""外汇掉期"", ""外汇远期"", ""日元"", ""期权"", ""期货"", ""欧元"", ""泰铢"", ""美元"", ""货币互换"", ""远期结售汇""]"
002098,浔兴股份,商品+外汇,纺织服饰,民企,2,2025-04-26,"[""PTA"", ""期权"", ""期货"", ""美元"", ""远期结售汇"", ""铜"", ""锌合金""]"
002099,海翔药业,外汇,医药生物,民企,1,2025-04-29,"[""其他"", ""利率互换"", ""外汇掉期"", ""期权"", ""美元"", ""货币互换"", ""远期结售汇""]"
002100,天康生物,商品,农林牧渔,地方国企,1,2025-03-07,"[""大豆"", ""期权"", ""期货"", ""棕油"", ""玉米"", ""生猪"", ""菜油"", ""菜粕"", ""豆油"", ""豆粕"", ""郑麦"", ""鸡蛋""]"
002101,广东鸿图,外汇,汽车,地方国企,1,2025-01-23,"[""美元"", ""远期结售汇""]"
002103,广博股份,外汇,轻工制造,民企,1,2025-08-23,"[""其他"", ""场外衍生品"", ""外汇掉期"", ""外汇远期"", ""期权"", ""期货"", ""美元"", ""货币互换"", ""远期结售汇""]"
002105,信隆健康,外汇,汽车,民企,1,2025-03-19,"[""美元"", ""远期结售汇""]"
002106,莱宝高科,外汇,电子,地方国企,1,2025-03-29,"[""外汇掉期"", ""外汇远期"", ""日元"", ""期权"", ""美元"", ""货币互换"", ""远期结售汇""]"
002108,沧州明珠,外汇,基础化工,地方国企,1,2025-04-26,"[""其他"", ""利率互换"", ""外汇掉期"", ""外汇期权"", ""期权"", ""美元"", ""货币互换"", ""远期结售汇""]"
002110,三钢闽光,商品,钢铁,地方国企,1,2025-02-19,"[""期货"", ""焦炭"", ""焦煤"", ""硅铁"", ""螺纹钢"", ""铁矿石"", ""锰硅""]"
002114,罗平锌电,商品,有色金属,地方国企,1,2024-12-21,"[""期货"", ""铝"", ""锌""]"
002115,三维通信,外汇,通信,民企,1,2025-04-28,"[""场场外衍生品"", ""场外衍生品"", ""外汇掉期"", ""外汇期权"", ""期权"", ""欧元"", ""港币"", ""美元"", ""货币互换"", ""远期结售汇""]"
002119,康强电子,商品,电子,民企,1,2025-03-25,"[""期权"", ""期货"", ""铜"", ""银"", ""锌"", ""黄金""]"
002120,韵达股份,商品+外汇,交通运输,民企,1,2025-10-14,"[""场外衍生品"", ""期权""]"
002121,科陆电子,外汇,电力设备,民企,1,2025-12-30,"[""利率互换"", ""印尼卢比"", ""场外衍生品"", ""埃及镑"", ""外汇掉期"", ""期权"", ""欧元"", ""美元"", ""远期结售汇""]"
002122,ST汇洲,商品+外汇,机械设备,民企,1,2025-11-29,"[""场外衍生品"", ""期权"", ""期货""]"
002124,天邦食品,商品,农林牧渔,民企,1,2025-12-18,"[""农产品"", ""期权"", ""期货"", ""玉米"", ""生猪"", ""豆油"", ""豆粕""]"
002125,湘潭电化,商品+外汇,电力设备,地方国企,1,2025-12-30,"[""其他"", ""利率互换"", ""外汇掉期"", ""期权"", ""期货"", ""美元"", ""货币互换"", ""远期"", ""远期结售汇"", ""锂盐""]"
002127,南极电商,外汇,商贸零售,民企,1,2025-04-25,"[""利率互换"", ""外汇掉期"", ""期权"", ""货币互换"", ""远期结售汇""]"
002129,TCL中环,外汇,电力设备,民企,1,2025-04-26,"[""场外衍生品"", ""外汇掉期"", ""期权"", ""远期""]"
002131,利欧股份,商品+外汇,机械设备,民企,1,2025-09-08,"[""其他"", ""场外衍生品"", ""外汇掉期"", ""期权"", ""期货"", ""欧元"", ""港币"", ""美元"", ""远期结售汇""]"
002132,恒星科技,外汇,机械设备,民企,1,2025-12-05,"[""其他"", ""场外衍生品"", ""外汇掉期"", ""外汇远期"", ""期权"", ""期货"", ""远期结售汇""]"
002133,广宇集团,商品+外汇,房地产,民企,2,2025-08-30,"[""尿素"", ""期权"", ""期货"", ""淀粉"", ""烧碱"", ""玉米"", ""玻璃"", ""纯碱"", ""美元"", ""聚氯乙烯"", ""菜粕"", ""豆粕"", ""远期结售汇""]"
002134,天津普林,商品+外汇,电子,其他,1,2025-12-06,"[""利率互换"", ""场外衍生品"", ""外汇远期"", ""期权"", ""货币互换""]"
002135,东南网架,外汇,建筑装饰,民企,1,2025-08-20,"[""其他"", ""外汇掉期"", ""外汇远期"", ""期权"", ""美元"", ""货币互换"", ""远期结售汇""]"
002137,实益达,外汇,电子,民企,1,2025-08-19,"[""其他"", ""利率互换"", ""场外衍生品"", ""外汇掉期"", ""外汇远期"", ""期权""]"
002138,顺络电子,外汇,电子,民企,1,2025-07-31,"[""其他""]"
002139,拓邦股份,外汇,电子,民企,1,2025-10-28,"[""利率互换"", ""外汇掉期"", ""外汇远期"", ""期权"", ""欧元"", ""港币"", ""美元"", ""货币互换"", ""远期结售汇""]"
002145,钛能化学,外汇,基础化工,民企,1,2025-11-15,"[""其他"", ""外汇掉期"", ""期权"", ""欧元"", ""美元"", ""货币互换"", ""远期结售汇""]"
002150,通润装备,外汇,电力设备,民企,1,2025-08-26,"[""其他"", ""利率互换"", ""外汇掉期"", ""外汇远期"", ""期权"", ""欧元"", ""美元"", ""货币互换"", ""远期结售汇""]"
002152,广电运通,外汇,计算机,地方国企,1,2025-03-29,"[""其他"", ""土耳其里拉"", ""外汇掉期"", ""外汇期权"", ""期货"", ""欧元"", ""港币"", ""美元"", ""货币互换"", ""远期结售汇""]"
002154,报 喜 鸟,商品+外汇,纺织服饰,民企,1,2025-09-30,"[""其他"", ""场外衍生品"", ""期权""]"
002155,湖南黄金,商品+外汇,有色金属,地方国企,2,2025-04-11,"[""外汇远期"", ""有色金属"", ""期权"", ""期货"", ""美元"", ""贵金属"", ""远期结售汇"", ""黄金""]"
002156,通富微电,外汇,电子,民企,1,2025-04-12,"[""外汇掉期"", ""期权"", ""期货"", ""美元"", ""货币互换"", ""远期结售汇""]"
002157,正邦科技,商品,农林牧渔,民企,1,2025-04-25,"[""期权"", ""期货"", ""玉米"", ""生猪"", ""豆粕""]"
002158,汉钟精机,外汇,机械设备,外资,1,2025-09-30,"[""其他"", ""利率互换"", ""外汇掉期"", ""外汇远期"", ""期权"", ""货币互换"", ""远期结售汇""]"
002160,常铝股份,商品+外汇,有色金属,地方国企,2,2025-10-31,"[""利率互换"", ""外汇掉期"", ""外汇期权"", ""期权"", ""期货"", ""美元"", ""货币互换"", ""远期结售汇"", ""铝""]"
002167,东方锆业,外汇,有色金属,民企,1,2025-12-06,"[""其他"", ""外汇掉期"", ""外汇期权"", ""期权"", ""货币互换"", ""远期结售汇""]"
002169,智光电气,商品,电力设备,民企,1,2025-01-18,"[""期货"", ""铜"", ""铝""]"
002170,芭田股份,外汇,基础化工,外资,1,2025-08-30,"[""远期结售汇""]"
002171,楚江新材,商品+外汇,有色金属,民企,1,2025-06-10,"[""其他"", ""期权"", ""期货"", ""热卷"", ""螺纹钢"", ""铜"", ""锌"", ""锡""]"
002176,江特电机,商品+外汇,电力设备,民企,2,2025-10-18,"[""场外衍生品"", ""期权"", ""期货"", ""碳酸锂"", ""纯碱"", ""美元"", ""远期结售汇"", ""铜""]"
002177,御银股份,商品+外汇,商贸零售,外资,1,2025-07-03,"[""其他"", ""外汇远期"", ""期权"", ""期货""]"
002180,纳思达,商品+外汇,计算机,民企,1,2025-08-23,"[""其他"", ""利率互换"", ""外汇掉期"", ""期权"", ""期货"", ""货币互换"", ""远期结售汇""]"
002182,宝武镁业,商品,有色金属,央企,1,2024-12-28,"[""期货"", ""铝""]"
002183,怡 亚 通,商品+外汇,商贸零售,地方国企,1,2024-12-13,"[""利率互换"", ""化工"", ""场外衍生品"", ""外汇掉期"", ""外汇远期"", ""有色金属"", ""期权"", ""期货"", ""白糖"", ""粮油"", ""货币互换"", ""贵金属"", ""黄金""]"
002185,华天科技,外汇,电子,民企,1,2025-10-28,"[""其他"", ""场外衍生品"", ""外汇掉期"", ""外汇期权"", ""外汇期货"", ""期权"", ""期货"", ""美元"", ""货币互换"", ""远期结售汇""]"
002189,中光学,外汇,国防军工,央企,1,2025-04-22,"[""外汇远期"", ""美元"", ""远期结售汇""]"
002192,融捷股份,商品,有色金属,民企,1,2025-06-04,"[""期货"", ""氢氧化锂"", ""碳酸锂"", ""锂盐""]"
002194,武汉凡谷,外汇,通信,民企,1,2025-10-28,"[""其他"", ""外汇掉期"", ""期权"", ""期货"", ""美元"", ""远期结售汇""]"
002198,嘉应制药,商品+外汇,医药生物,其他,1,2025-06-28,"[""场外衍生品"", ""期权"", ""期货""]"
002199,东晶电子,外汇,电子,民企,1,2025-03-25,"[""场外衍生品"", ""外汇掉期"", ""外汇远期"", ""日元"", ""期权"", ""美元"", ""货币互换"", ""远期结售汇""]"
002202,金风科技,外汇,电力设备,地方国企,1,2025-03-29,"[""利率互换"", ""外汇掉期"", ""外汇远期"", ""期权"", ""美元""]"
002203,海亮股份,商品+外汇,有色金属,民企,2,2025-08-30,"[""外汇掉期"", ""期权"", ""期货"", ""美元"", ""远期结售汇"", ""铅"", ""铜"", ""铝"", ""锌"", ""镍""]"
002204,大连重工,外汇,机械设备,地方国企,1,2025-06-24,"[""其他"", ""外汇掉期"", ""日元"", ""欧元"", ""澳大利亚元"", ""美元"", ""货币互换"", ""远期结售汇""]"
002206,海 利 得,商品+外汇,基础化工,民企,2,2025-04-03,"[""MEG"", ""PTA"", ""PVC"", ""乙二醇(MEG)"", ""其他"", ""外汇掉期"", ""外汇期权"", ""期权"", ""期货"", ""欧元"", ""精对苯二甲酸(PTA)"", ""美元"", ""聚氯乙烯(PVC)"", ""远期结售汇""]"
002210,飞马国际,商品,环保,民企,1,2025-10-30,"[""互换"", ""其他"", ""掉期"", ""期权"", ""期货"", ""能源化工"", ""能源化工产品""]"
002211,宏达新材,外汇,基础化工,民企,1,2025-04-24,"[""其他"", ""外汇掉期"", ""外汇期权"", ""期权"", ""期货"", ""欧元"", ""美元"", ""英镑"", ""远期结售汇""]"
002213,大为股份,商品+外汇,电子,民企,2,2025-10-24,"[""其他"", ""利率互换"", ""场外衍生品"", ""外汇掉期"", ""外汇远期"", ""期权"", ""期货"", ""美元"", ""货币互换"", ""远期"", ""远期结售汇"", ""铜"", ""锂盐""]"
002215,诺 普 信,外汇,农林牧渔,民企,1,2025-10-29,"[""其他"", ""利率互换"", ""外汇掉期"", ""外汇远期"", ""期权"", ""远期结售汇""]"
002223,鱼跃医疗,外汇,医药生物,民企,1,2025-12-25,"[""其他"", ""外汇掉期"", ""外汇期权"", ""欧元"", ""美元"", ""远期结售汇""]"
002224,三 力 士,外汇,基础化工,民企,1,2025-04-29,"[""外汇期权"", ""期权"", ""美元"", ""远期结售汇""]"
002233,塔牌集团,商品+外汇,建筑材料,民企,1,2025-12-10,"[""场外衍生品"", ""期权"", ""期货""]"
002236,大华股份,商品+外汇,计算机,民企,1,2025-11-08,"[""其他"", ""利率互换"", ""场外衍生品"", ""外汇掉期"", ""期权"", ""期货"", ""美元"", ""远期结售汇""]"
002237,恒邦股份,商品+外汇,有色金属,地方国企,2,2025-03-27,"[""其他"", ""利率互换"", ""利率掉期"", ""利率期权"", ""场外衍生品"", ""外汇掉期"", ""外汇期权"", ""外汇远期"", ""期权"", ""期货"", ""白银"", ""美元"", ""货币互换"", ""远期结售汇"", ""铅"", ""铜"", ""锌"", ""镍"", ""黄金""]"
002240,盛新锂能,商品+外汇,有色金属,民企,2,2025-10-25,"[""其他"", ""利率互换"", ""外汇掉期"", ""外汇期权"", ""外汇远期"", ""期权"", ""期货"", ""氢氧化锂"", ""烧碱"", ""碳酸锂"", ""纯碱"", ""货币互换"", ""远期结售汇"", ""锂盐""]"
002241,歌尔股份,商品+外汇,电子,民企,1,2025-10-25,"[""利率互换"", ""场外衍生品"", ""外汇掉期"", ""外汇远期"", ""期权"", ""美元"", ""货币互换"", ""越南盾""]"
002242,九阳股份,外汇,家用电器,民企,1,2025-08-30,"[""其他"", ""外汇掉期"", ""外汇远期"", ""期权"", ""美元"", ""货币互换"", ""远期结售汇""]"
002249,大洋电机,商品+外汇,电力设备,民企,2,2025-08-20,"[""其他"", ""外汇远期"", ""期权"", ""期货"", ""美元"", ""远期结售汇"", ""铜"", ""铝""]"
002250,联化科技,商品+外汇,基础化工,民企,2,2025-08-27,"[""其他"", ""外汇掉期"", ""外汇期权"", ""期权"", ""期货"", ""欧元"", ""美元"", ""英镑"", ""货币互换"", ""远期结售汇""]"
002252,上海莱士,外汇,医药生物,集体,1,2025-11-29,"[""其他"", ""外汇掉期"", ""外汇远期"", ""期权"", ""美元"", ""远期结售汇""]"
002254,泰和新材,外汇,基础化工,地方国企,1,2025-10-25,"[""美元"", ""远期结售汇""]"
002256,兆新股份,外汇,公用事业,民企,1,2025-11-27,"[""利率互换"", ""外汇掉期"", ""期权"", ""货币互换"", ""远期结售汇""]"
002258,利尔化学,外汇,基础化工,央企,1,2025-03-28,"[""美元"", ""远期结售汇""]"
002266,浙富控股,商品+外汇,环保,民企,2,2025-04-26,"[""其他"", ""利率"", ""利率互换"", ""场外衍生品"", ""外汇掉期"", ""外汇期权"", ""外汇远期"", ""期权"", ""期货"", ""汇率"", ""美元"", ""货币互换"", ""金"", ""钯"", ""铜"", ""锡"", ""镍""]"
002270,华明装备,外汇,电力设备,民企,1,2025-08-08,"[""其他"", ""利率互换"", ""场外衍生品"", ""外汇掉期"", ""外汇期权"", ""外汇期货"", ""外汇远期"", ""期权"", ""期货"", ""欧元"", ""美元"", ""货币互换"", ""远期结售汇""]"
002271,东方雨虹,商品+外汇,建筑材料,民企,2,2025-10-28,"[""PET"", ""PTA"", ""利率互换"", ""场外衍生品"", ""塑料"", ""外汇掉期"", ""期权"", ""期货"", ""沥青"", ""聚丙烯"", ""苯乙烯"", ""货币互换"", ""远期结售汇""]"
002272,川润股份,外汇,机械设备,民企,1,2025-04-26,"[""外汇掉期"", ""外汇远期"", ""期权"", ""美元"", ""货币互换""]"
002273,水晶光电,外汇,电子,民企,1,2025-10-28,"[""外汇掉期"", ""日元"", ""期权"", ""美元"", ""货币互换"", ""远期结售汇""]"
002276,万马股份,商品+外汇,电力设备,地方国企,2,2025-08-18,"[""LLDPE"", ""PVC"", ""塑料"", ""外汇掉期"", ""外汇远期"", ""期权"", ""期货"", ""欧元"", ""美元"", ""远期结售汇"", ""铜"", ""铝""]"
002282,博深股份,外汇,机械设备,地方国企,1,2025-03-18,"[""场外衍生品"", ""外汇掉期"", ""期权"", ""欧元"", ""美元"", ""远期结售汇""]"
002284,亚太股份,商品+外汇,汽车,民企,1,2025-12-13,"[""其他"", ""利率互换"", ""场外衍生品"", ""外汇掉期"", ""外汇远期"", ""日元"", ""期权"", ""期货"", ""欧元"", ""港币"", ""美元"", ""货币互换"", ""远期结售汇"", ""铝""]"
002286,保龄宝,商品+外汇,农林牧渔,外资,1,2025-10-29,"[""其他"", ""场外衍生品"", ""外汇掉期"", ""期权"", ""期货"", ""玉米"", ""玉米淀粉"", ""白糖"", ""远期结售汇""]"
002290,禾盛新材,外汇,家用电器,民企,1,2025-05-21,"[""美元"", ""远期结售汇""]"
002292,奥飞娱乐,外汇,传媒,民企,1,2025-08-26,"[""其他"", ""利率互换"", ""外汇掉期"", ""外汇远期"", ""期权"", ""期货"", ""欧元"", ""美元"", ""韩元""]"
002294,信立泰,商品+外汇,医药生物,民企,1,2025-12-10,"[""其他"", ""利率互换"", ""外汇掉期"", ""期权"", ""期货"", ""美元"", ""货币互换"", ""远期结售汇""]"
002295,精艺股份,商品+外汇,有色金属,地方国企,2,2025-04-26,"[""利率互换"", ""外汇掉期"", ""外汇期权"", ""期权"", ""期货"", ""远期结售汇"", ""铜""]"
002299,圣农发展,商品+外汇,农林牧渔,民企,1,2025-09-27,"[""其他"", ""期权"", ""期货"", ""油脂"", ""玉米"", ""豆粕""]"
002300,太阳电缆,商品,电力设备,外资,1,2025-04-17,"[""期货"", ""铜"", ""铝""]"
002301,齐心集团,外汇,轻工制造,民企,1,2025-08-30,"[""其他"", ""利率互换"", ""场外衍生品"", ""外汇掉期"", ""外汇远期"", ""期权"", ""美元"", ""货币互换"", ""远期结售汇""]"
002309,*ST中利,商品+外汇,电力设备,地方国企,2,2025-02-07,"[""互换"", ""利率互换"", ""场外衍生品"", ""塑料"", ""外汇掉期"", ""多晶硅"", ""掉期"", ""期权"", ""期货"", ""欧元"", ""美元"", ""远期"", ""远期结售汇"", ""铜"", ""铝""]"
002311,海大集团,商品+外汇,农林牧渔,民企,1,2025-07-29,"[""利率互换"", ""利率掉期"", ""利率期权"", ""场外衍生品"", ""外汇掉期"", ""外汇期权"", ""大豆"", ""小麦"", ""期权"", ""期货"", ""油脂"", ""玉米"", ""生猪"", ""菜粕"", ""豆油"", ""豆粕"", ""远期结售汇""]"
002312,川发龙蟒,外汇,基础化工,地方国企,1,2025-01-07,"[""外汇远期"", ""期货"", ""美元""]"
002314,南山控股,外汇,房地产,地方国企,1,2025-04-28,"[""日元"", ""期权"", ""欧元"", ""美元"", ""远期结售汇""]"
002317,众生药业,商品+外汇,医药生物,民企,1,2025-12-12,"[""场外衍生品"", ""外汇远期"", ""期权"", ""期货""]"
002318,久立特材,外汇,钢铁,民企,1,2025-03-25,"[""外汇期权"", ""期权"", ""欧元"", ""美元"", ""远期结售汇""]"
002321,华英农业,商品,农林牧渔,民企,1,2025-11-20,"[""小麦"", ""期货"", ""玉米"", ""豆油"", ""豆粕""]"
002324,普利特,商品+外汇,基础化工,民企,2,2025-08-30,"[""PP"", ""期权"", ""期货"", ""美元"", ""远期结售汇""]"
002326,永太科技,商品+外汇,基础化工,民企,2,2025-04-28,"[""其他"", ""外汇掉期"", ""期权"", ""期货"", ""欧元"", ""碳酸锂"", ""美元"", ""英镑"", ""货币互换"", ""远期结售汇""]"
002328,新朋股份,外汇,汽车,民企,1,2025-08-28,"[""其他"", ""外汇掉期"", ""外汇期权"", ""期权"", ""美元"", ""货币互换"", ""远期结售汇""]"
002331,皖通科技,外汇,计算机,民企,1,2026-01-05,"[""利率互换"", ""外汇掉期"", ""期权"", ""期货"", ""美元"", ""货币互换"", ""远期结售汇""]"
002332,仙琚制药,外汇,医药生物,地方国企,1,2025-04-24,"[""外汇掉期"", ""期权"", ""欧元"", ""美元"", ""远期结售汇""]"
002333,罗普斯金,商品,建筑材料,民企,1,2025-04-07,"[""期货"", ""铝""]"
002334,英威腾,外汇,机械设备,民企,1,2025-11-28,"[""其他"", ""利率互换"", ""外汇掉期"", ""期权"", ""远期结售汇""]"
002335,科华数据,外汇,电力设备,民企,1,2025-04-26,"[""其他"", ""场外衍生品"", ""外汇掉期"", ""外汇远期"", ""期权"", ""欧元"", ""美元"", ""货币互换"", ""远期结售汇""]"
002337,赛象科技,商品+外汇,机械设备,民企,1,2025-08-28,"[""其他"", ""利率互换"", ""外汇掉期"", ""外汇远期"", ""期权"", ""期货"", ""美元"", ""远期结售汇""]"
002340,格林美,外汇,电力设备,民企,1,2025-08-25,"[""其他"", ""利率互换"", ""外汇掉期"", ""期权"", ""美元"", ""远期结售汇""]"
002345,潮宏基,商品+外汇,纺织服饰,民企,2,2025-04-29,"[""其他"", ""外汇掉期"", ""外汇远期"", ""期货"", ""远期结售汇"", ""黄金""]"
002350,北京科锐,商品+外汇,电力设备,民企,1,2025-09-10,"[""场外衍生品"", ""期权"", ""期货"", ""铜""]"
002351,漫步者,商品+外汇,电子,民企,1,2025-08-29,"[""场外衍生品"", ""期权"", ""期货""]"
002352,顺丰控股,商品+外汇,交通运输,民企,1,2025-12-09,"[""其他"", ""场外衍生品"", ""外汇掉期"", ""外汇远期"", ""新币"", ""日元"", ""期权"", ""期货"", ""欧元"", ""泰铢"", ""港币"", ""澳元"", ""美元""]"
002353,杰瑞股份,外汇,机械设备,民企,1,2025-12-12,"[""其他"", ""利率互换"", ""加元"", ""卢布"", ""卢比"", ""印尼盾"", ""场外衍生品"", ""坚戈"", ""外汇掉期"", ""日元"", ""期权"", ""欧元"", ""瑞士法郎"", ""科第"", ""美元"", ""货币互换"", ""远期结售汇"", ""迪拉姆"", ""雷亚尔""]"
002361,神剑股份,外汇,基础化工,地方国企,1,2025-04-25,"[""利率互换"", ""利率掉期"", ""利率期权"", ""外汇掉期"", ""外汇期权"", ""远期结售汇""]"
002362,汉王科技,外汇,计算机,民企,1,2025-03-29,"[""其他"", ""利率互换"", ""外汇掉期"", ""期权"", ""美元"", ""货币互换"", ""远期结售汇""]"
002364,中恒电气,商品+外汇,电力设备,民企,2,2025-12-16,"[""其他"", ""外汇掉期"", ""外汇远期"", ""期权"", ""期货"", ""美元"", ""远期结售汇"", ""钢材"", ""铅"", ""铜"", ""铝"", ""锡""]"
002365,永安药业,商品+外汇,医药生物,民企,1,2025-09-25,"[""其他"", ""期权"", ""期货""]"
002373,千方科技,外汇,计算机,民企,1,2025-08-22,"[""其他"", ""利率互换"", ""场外衍生品"", ""外汇掉期"", ""期权"", ""欧元"", ""美元"", ""货币互换"", ""远期结售汇""]"
002376,新北洋,外汇,计算机,地方国企,1,2025-10-11,"[""其他"", ""利率互换"", ""外汇掉期"", ""外汇期权"", ""外汇远期"", ""期权"", ""欧元"", ""美元"", ""远期结售汇""]"
002377,国创高新,商品,石油石化,民企,1,2025-04-24,"[""期货"", ""石油沥青""]"
002378,章源钨业,商品+外汇,有色金属,民企,1,2025-10-28,"[""场外衍生品"", ""外汇远期"", ""期权"", ""货币互换"", ""远期结售汇""]"
002379,宏创控股,商品+外汇,有色金属,民企,2,2025-11-12,"[""利率互换"", ""场外衍生品"", ""外汇掉期"", ""外汇远期"", ""期权"", ""期货"", ""美元"", ""货币互换"", ""远期结售汇"", ""铝"", ""铝锭""]"
002381,双箭股份,外汇,基础化工,民企,1,2025-12-13,"[""欧元"", ""澳元"", ""美元"", ""远期结售汇""]"
002382,蓝帆医疗,外汇,医药生物,民企,1,2025-08-30,"[""其他"", ""利率互换"", ""利率掉期"", ""外汇掉期"", ""外汇远期"", ""期权"", ""货币互换"", ""货币期权"", ""远期结售汇""]"
002383,合众思壮,商品+外汇,国防军工,地方国企,1,2025-12-04,"[""其他"", ""期权"", ""期货""]"
002384,东山精密,商品+外汇,电子,外资,2,2024-12-07,"[""场外衍生品"", ""外汇掉期"", ""期权"", ""期货"", ""远期结售汇"", ""金"", ""铜"", ""铝"", ""银""]"
002385,大北农,商品,农林牧渔,民企,1,2026-04-10,"[""场外衍生品"", ""大豆"", ""小麦"", ""期权"", ""期货"", ""油脂"", ""玉米"", ""生猪"", ""菜粕"", ""豆油"", ""豆粕""]"
002386,天原股份,商品+外汇,基础化工,地方国企,1,2025-12-31,"[""利率互换"", ""外汇掉期"", ""期权"", ""期货"", ""货币互换"", ""远期结售汇""]"
002387,维信诺,外汇,电子,其他,1,2025-09-11,"[""场外衍生品"", ""外汇掉期"", ""外汇远期"", ""日元"", ""期权"", ""美元"", ""货币互换""]"
002389,航天彩虹,外汇,国防军工,央企,1,2025-07-05,"[""其他"", ""美元"", ""远期结售汇""]"
002394,联发股份,商品+外汇,纺织服饰,民企,2,2025-09-26,"[""其他"", ""利率互换"", ""印尼卢比"", ""场外衍生品"", ""外汇掉期"", ""外汇远期"", ""期权"", ""期货"", ""棉花"", ""欧元"", ""港币"", ""煤炭"", ""美元"", ""货币互换"", ""远期结售汇""]"
002395,双象股份,外汇,基础化工,民企,1,2025-02-27,"[""利率互换"", ""利率掉期"", ""外汇掉期"", ""外汇期权"", ""期权"", ""美元"", ""远期结售汇""]"
002399,海普瑞,外汇,医药生物,外资,1,2025-03-29,"[""其他"", ""外汇掉期"", ""外汇远期"", ""期权"", ""美元""]"
002400,省广集团,外汇,传媒,地方国企,1,2025-12-13,"[""外汇掉期"", ""美元"", ""远期结售汇""]"
002402,和而泰,外汇,家用电器,民企,1,2025-10-23,"[""列伊"", ""利率互换"", ""外汇掉期"", ""外汇远期"", ""期权"", ""欧元"", ""港币"", ""美元"", ""越南盾"", ""远期结售汇""]"
002403,爱仕达,商品+外汇,家用电器,民企,2,2025-08-28,"[""不锈钢"", ""外汇掉期"", ""外汇远期"", ""期权"", ""期货"", ""美元"", ""货币互换"", ""远期结售汇"", ""铝锭""]"
002404,嘉欣丝绸,外汇,纺织服饰,民企,1,2025-03-28,"[""外汇掉期"", ""外汇远期"", ""期权"", ""美元""]"
002405,四维图新,外汇,计算机,其他,1,2025-11-15,"[""其他"", ""外汇掉期"", ""货币互换"", ""远期结售汇""]"
002407,多氟多,商品+外汇,基础化工,民企,2,2025-12-12,"[""其他"", ""利率互换"", ""外汇掉期"", ""外汇远期"", ""期权"", ""期货"", ""碳酸锂"", ""货币互换"", ""远期结售汇""]"
002408,齐翔腾达,商品+外汇,石油石化,地方国企,2,2025-10-30,"[""其他"", ""场外衍生品"", ""外汇掉期"", ""外汇远期"", ""期权"", ""期货"", ""美元"", ""远期结售汇""]"
002409,雅克科技,外汇,电子,民企,1,2025-04-28,"[""日元"", ""欧元"", ""美元"", ""远期结售汇"", ""韩元""]"
002415,海康威视,外汇,计算机,央企,1,2025-09-06,"[""利率互换"", ""利率掉期"", ""外汇掉期"", ""外汇期权"", ""期权"", ""远期结售汇""]"
002416,爱施德,外汇,商贸零售,民企,1,2025-12-09,"[""场外衍生品"", ""外汇远期"", ""美元""]"
002418,康盛股份,商品+外汇,家用电器,民企,1,2025-08-28,"[""场外衍生品"", ""期权""]"
002422,科伦药业,商品+外汇,医药生物,民企,1,2025-10-31,"[""其他"", ""利率互换"", ""外汇掉期"", ""外汇期权"", ""期权"", ""期货"", ""货币互换"", ""远期结售汇""]"
002426,胜利精密,商品+外汇,电子,民企,1,2025-12-06,"[""其他"", ""场外衍生品"", ""外汇掉期"", ""外汇期权"", ""期权"", ""期货"", ""欧元"", ""港币"", ""美元"", ""远期结售汇""]"
002427,尤夫股份,外汇,基础化工,地方国企,1,2025-04-28,"[""外汇掉期"", ""欧元"", ""美元"", ""货币互换"", ""远期结售汇""]"
002429,兆驰股份,外汇,家用电器,地方国企,1,2025-12-31,"[""利率互换"", ""利率掉期"", ""场外衍生品"", ""外汇掉期"", ""外汇期权"", ""期权"", ""美元"", ""远期结售汇""]"
002436,兴森科技,商品+外汇,电子,民企,1,2025-08-27,"[""其他"", ""利率互换"", ""场外衍生品"", ""外汇掉期"", ""外汇期权"", ""外汇远期"", ""期权"", ""期货"", ""美元"", ""货币互换""]"
002444,巨星科技,外汇,机械设备,民企,1,2025-04-22,"[""利率互换"", ""外汇掉期"", ""外汇远期"", ""期权"", ""期货"", ""美元"", ""货币互换"", ""远期结售汇""]"
002449,国星光电,外汇,电子,地方国企,1,2025-04-19,"[""场外衍生品"", ""外汇掉期"", ""期权"", ""期货"", ""远期结售汇""]"
002451,摩恩电气,商品,电力设备,民企,1,2025-03-25,"[""场外衍生品"", ""期权"", ""期货"", ""铜""]"
002453,华软科技,外汇,基础化工,民企,1,2025-04-29,"[""外汇掉期"", ""外汇期权"", ""期权"", ""欧元"", ""美元"", ""远期结售汇""]"
002455,百川股份,外汇,基础化工,民企,1,2025-03-20,"[""外汇掉期"", ""期权"", ""货币互换"", ""远期结售汇""]"
002456,欧菲光,外汇,电子,民企,1,2025-08-19,"[""其他"", ""利率互换"", ""外汇掉期"", ""外汇远期"", ""日元"", ""期权"", ""期货"", ""欧元"", ""港币"", ""美元"", ""货币互换"", ""远期结售汇""]"
002457,青龙管业,商品,建筑材料,民企,1,2025-04-24,"[""PE树脂"", ""PVC树脂"", ""期权"", ""期货"", ""钢材""]"
002459,晶澳科技,商品+外汇,电力设备,民企,2,2025-08-23,"[""其他"", ""场外衍生品"", ""外汇掉期"", ""外汇期权"", ""外汇远期"", ""多晶硅"", ""期权"", ""期货"", ""欧元"", ""白银"", ""美元"", ""远期结售汇"", ""铜"", ""铝"", ""锡""]"
002460,赣锋锂业,商品+外汇,有色金属,民企,3,2025-10-29,"[""其他"", ""利率互换"", ""场外衍生品"", ""外汇掉期"", ""外汇期权"", ""期权"", ""期货"", ""欧元"", ""港币"", ""澳元"", ""皮尔巴拉股票"", ""碳酸锂"", ""美元"", ""远期结售汇"", ""锂原料"", ""锂电池原材料"", ""锂盐"", ""锂盐产品""]"
002463,沪电股份,外汇,电子,外资,1,2025-03-26,"[""利率互换"", ""外汇掉期"", ""外汇远期"", ""期权"", ""欧元"", ""美元"", ""货币互换""]"
002466,天齐锂业,商品+外汇,有色金属,民企,2,2025-12-09,"[""其他"", ""利率互换"", ""场外衍生品"", ""外汇掉期"", ""智利比索"", ""期权"", ""期货"", ""碳酸锂"", ""美元"", ""货币互换"", ""远期"", ""远期结售汇"", ""锂盐""]"
002470,金正大,商品+外汇,基础化工,地方国企,2,2025-04-26,"[""其他"", ""外汇掉期"", ""尿素"", ""期权"", ""期货"", ""美元"", ""货币互换"", ""远期结售汇""]"
002472,双环传动,外汇,汽车,民企,1,2025-04-25,"[""其他"", ""利率互换"", ""外汇掉期"", ""期权"", ""美元"", ""货币互换"", ""远期结售汇""]"
002475,立讯精密,外汇,电子,外资,1,2025-01-22,"[""利率互换"", ""外汇远期"", ""期权"", ""货币互换"", ""远期结售汇""]"
002478,常宝股份,外汇,钢铁,民企,1,2025-10-25,"[""其他"", ""利率互换"", ""场外衍生品"", ""外汇掉期"", ""外汇期权"", ""日元"", ""期权"", ""期货"", ""欧元"", ""美元"", ""货币互换"", ""远期结售汇""]"
002479,富春环保,商品,公用事业,地方国企,1,2025-08-22,"[""期货"", ""铜""]"
002483,润邦股份,外汇,机械设备,地方国企,1,2025-04-29,"[""外汇远期"", ""美元"", ""远期结售汇""]"
002485,ST雪发,商品,交通运输,民企,1,2025-08-30,"[""期货"", ""钢材"", ""铝""]"
002486,嘉麟杰,外汇,纺织服饰,民企,1,2025-08-30,"[""其他"", ""期权"", ""美元"", ""货币互换"", ""远期结售汇""]"
002487,大金重工,外汇,电力设备,民企,1,2025-06-25,"[""其他"", ""利率互换"", ""外汇掉期"", ""外汇期权"", ""外汇远期"", ""期权"", ""欧元"", ""美元"", ""远期结售汇""]"
002488,金固股份,外汇,汽车,民企,1,2025-04-26,"[""其他"", ""利率互换"", ""外汇掉期"", ""外汇远期"", ""期权"", ""货币互换"", ""远期结售汇""]"
002489,浙江永强,外汇,轻工制造,民企,1,2025-07-30,"[""外汇期权"", ""期权"", ""欧元"", ""美元"", ""远期结售汇""]"
002491,通鼎互联,商品,通信,民企,1,2025-04-26,"[""期货"", ""铜""]"
002493,荣盛石化,商品+外汇,石油石化,民企,2,2025-10-30,"[""PTA"", ""乙二醇"", ""其他"", ""利率互换"", ""原油"", ""外汇掉期"", ""外汇远期"", ""对二甲苯"", ""期权"", ""期货"", ""燃料油"", ""石脑油"", ""远期结售汇""]"
002496,辉丰股份,商品,基础化工,民企,1,2025-04-22,"[""PTA"", ""乙二醇"", ""期货"", ""甲醇"", ""纯苯"", ""苯乙烯""]"
002497,雅化集团,商品+外汇,基础化工,民企,1,2025-08-20,"[""其他"", ""利率互换"", ""场外衍生品"", ""外汇掉期"", ""外汇远期"", ""期权"", ""期货"", ""氢氧化锂"", ""烧碱"", ""硫酸"", ""碳酸锂"", ""纯碱"", ""货币互换"", ""远期结售汇"", ""钢材"", ""铜"", ""铝"", ""锂矿""]"
002506,协鑫集成,外汇,电力设备,民企,1,2026-04-29,"[""外汇远期"", ""欧元"", ""美元"", ""远期结售汇""]"
002511,中顺洁柔,商品+外汇,美容护理,民企,1,2025-10-28,"[""其他"", ""外汇掉期"", ""期权"", ""期货"", ""远期结售汇""]"
002513,蓝丰生化,外汇,电力设备,民企,1,2025-07-30,"[""利率互换"", ""外汇掉期"", ""期权"", ""欧元"", ""美元"", ""货币互换"", ""远期结售汇""]"
002514,宝馨科技,外汇,机械设备,民企,1,2025-07-12,"[""其他"", ""利率互换"", ""外汇掉期"", ""外汇远期"", ""期权"", ""欧元"", ""美元"", ""远期结售汇""]"
002518,科士达,商品+外汇,电力设备,民企,1,2025-11-21,"[""利率"", ""商品"", ""场外衍生品"", ""外汇掉期"", ""外汇远期"", ""指数"", ""期权"", ""期货"", ""欧元"", ""汇率"", ""美元"", ""证券"", ""货币"", ""远期结售汇""]"
002520,日发精机,外汇,机械设备,民企,1,2025-04-25,"[""利率互换"", ""外汇掉期"", ""期货"", ""欧元"", ""澳元"", ""美元"", ""远期结售汇""]"
002521,齐峰新材,外汇,轻工制造,民企,1,2025-04-12,"[""外汇掉期"", ""期权"", ""远期结售汇""]"
002533,金杯电工,商品+外汇,电力设备,民企,2,2025-10-28,"[""其他"", ""利率互换"", ""外汇掉期"", ""外汇期权"", ""期权"", ""期货"", ""远期结售汇""]"
002534,西子洁能,商品+外汇,电力设备,民企,2,2025-03-31,"[""其他"", ""利率互换"", ""场外衍生品"", ""外汇掉期"", ""日元"", ""期权"", ""期货"", ""欧元"", ""热卷"", ""热轧卷板"", ""美元"", ""货币互换"", ""远期结售汇"", ""钢材""]"
002537,海联金汇,外汇,汽车,民企,1,2025-10-29,"[""其他"", ""利率互换"", ""外汇掉期"", ""外汇远期"", ""期权""]"
002538,司尔特,外汇,基础化工,民企,1,2025-09-10,"[""远期结售汇""]"
002539,云图控股,商品+外汇,基础化工,民企,1,2025-03-08,"[""利率互换"", ""利率掉期"", ""利率期权"", ""场外衍生品"", ""外汇掉期"", ""外汇期权"", ""外汇远期"", ""尿素"", ""期权"", ""期货"", ""焦炭"", ""焦煤"", ""玻璃"", ""硫磺"", ""纯碱"", ""聚丙烯"", ""聚乙烯"", ""货币互换"", ""远期结售汇""]"
002540,亚太科技,商品+外汇,有色金属,民企,2,2025-08-26,"[""利率互换"", ""外汇掉期"", ""外汇远期"", ""期权"", ""期货"", ""货币互换"", ""远期结售汇"", ""铝""]"
002543,万和电气,外汇,家用电器,民企,1,2025-08-27,"[""其他"", ""埃及镑"", ""外汇掉期"", ""外汇期权"", ""期权"", ""欧元"", ""泰铢"", ""港币"", ""美元"", ""货币互换"", ""远期结售汇""]"
002545,东方铁塔,外汇,基础化工,民企,1,2025-04-28,"[""利率掉期"", ""利率期权"", ""场外衍生品"", ""基普"", ""外汇掉期"", ""外汇期权"", ""外汇远期"", ""期权"", ""期货"", ""泰铢"", ""美元"", ""货币互换"", ""远期结售汇""]"
002547,春兴精工,商品+外汇,通信,民企,2,2025-08-29,"[""其他"", ""期权"", ""期货"", ""美元"", ""远期结售汇"", ""铜"", ""铝"", ""银""]"
002548,金新农,商品+外汇,农林牧渔,民企,1,2025-10-30,"[""场外衍生品"", ""期权"", ""期货"", ""棕榈油"", ""玉米"", ""玉米淀粉"", ""生猪"", ""白糖"", ""菜籽油"", ""菜粕"", ""豆油"", ""豆粕"", ""远期""]"
002553,南方精工,外汇,汽车,民企,1,2025-04-23,"[""利率互换"", ""外汇掉期"", ""外汇远期"", ""期权"", ""期货"", ""欧元"", ""美元"", ""货币互换"", ""远期结售汇""]"
002555,三七互娱,外汇,传媒,民企,1,2025-10-29,"[""其他"", ""场外衍生品"", ""外汇掉期"", ""期权"", ""期货"", ""港币"", ""美元"", ""远期结售汇""]"
002556,辉隆股份,商品+外汇,农林牧渔,集体,1,2025-12-12,"[""利率互换"", ""外汇掉期"", ""尿素"", ""期权"", ""期货"", ""欧元"", ""港币"", ""美元"", ""远期结售汇"", ""铝锭""]"
002560,通达股份,商品+外汇,电力设备,民企,2,2025-10-25,"[""其他"", ""场外衍生品"", ""塑料"", ""外汇掉期"", ""外汇远期"", ""期权"", ""期货"", ""氧化铝"", ""美元"", ""远期结售汇"", ""金"", ""铅"", ""铜"", ""铝"", ""银"", ""锌"", ""锡""]"
002562,兄弟科技,外汇,基础化工,民企,1,2025-12-13,"[""外汇掉期"", ""远期结售汇""]"
002567,唐人神,商品+外汇,农林牧渔,民企,2,2025-04-29,"[""其他"", ""大豆"", ""期权"", ""期货"", ""玉米"", ""生猪"", ""硬麦"", ""菜油"", ""菜粕"", ""豆油"", ""豆粕"", ""远期结售汇""]"
002571,德力股份,商品+外汇,轻工制造,民企,1,2025-08-29,"[""其他"", ""原材料"", ""场外衍生品"", ""外汇"", ""外汇远期"", ""期权"", ""期货"", ""纯碱""]"
002572,索菲亚,商品+外汇,轻工制造,民企,1,2025-10-28,"[""场外衍生品"", ""期权"", ""期货""]"
002573,清新环境,商品+外汇,环保,地方国企,1,2025-04-18,"[""外汇掉期"", ""外汇期权"", ""期货"", ""货币互换"", ""货币掉期"", ""远期结售汇"", ""金"", ""钯"", ""铜"", ""银""]"
002574,明牌珠宝,商品,纺织服饰,民企,1,2025-04-26,"[""其他"", ""期货"", ""黄金""]"
002578,闽发铝业,商品+外汇,有色金属,地方国企,2,2025-04-03,"[""期货"", ""欧元"", ""美元"", ""远期结售汇"", ""铝""]"
002581,ST未名,商品+外汇,医药生物,民企,1,2025-07-31,"[""其他"", ""期权"", ""期货""]"
002582,好想你,商品+外汇,食品饮料,民企,1,2025-10-29,"[""场内衍生品"", ""场外衍生品"", ""期权"", ""期货"", ""油脂油料"", ""白糖"", ""红枣"", ""花生"", ""苹果""]"
002583,海能达,商品+外汇,通信,民企,1,2025-11-27,"[""场外衍生品"", ""外汇掉期"", ""期权"", ""期货"", ""远期结售汇""]"
002584,西陇科学,商品+外汇,电子,民企,1,2025-07-29,"[""其他"", ""日元"", ""期权"", ""期货"", ""欧元"", ""白银"", ""碳酸锂"", ""美元"", ""远期"", ""远期结售汇""]"
002585,双星新材,商品,基础化工,民企,1,2025-04-23,"[""MEG"", ""PTA"", ""期权"", ""期货""]"
002587,奥拓电子,商品+外汇,电子,民企,1,2025-08-27,"[""其他"", ""利率互换"", ""外汇掉期"", ""外汇期权"", ""外汇远期"", ""期权"", ""期货"", ""欧元"", ""美元"", ""远期"", ""远期结售汇""]"
002588,史丹利,商品,基础化工,民企,1,2025-08-05,"[""尿素"", ""期货""]"
002593,日上集团,外汇,汽车,民企,1,2025-08-26,"[""场外衍生品"", ""外汇掉期"", ""外汇期权"", ""期权"", ""欧元"", ""美元"", ""货币互换"", ""越南盾"", ""远期结售汇""]"
002594,比亚迪,外汇,汽车,民企,1,2025-10-31,"[""其他"", ""场外衍生品"", ""外汇掉期"", ""外汇远期"", ""期权"", ""远期""]"
002595,豪迈科技,外汇,机械设备,民企,1,2025-10-25,"[""其他"", ""利率互换"", ""场场外衍生品"", ""场外衍生品"", ""外汇掉期"", ""外汇远期"", ""日元"", ""期权"", ""欧元"", ""美元"", ""远期结售汇""]"
002597,金禾实业,外汇,基础化工,民企,1,2025-07-19,"[""其他"", ""利率互换"", ""场外衍生品"", ""外汇掉期"", ""期权"", ""期货"", ""货币互换"", ""远期结售汇""]"
002600,领益智造,外汇,电子,外资,1,2025-12-06,"[""其他"", ""利率互换"", ""外汇掉期"", ""外汇期权"", ""外汇远期"", ""期权"", ""货币互换"", ""远期结售汇""]"
002601,龙佰集团,外汇,基础化工,民企,1,2025-12-04,"[""其他"", ""场外衍生品"", ""外汇掉期"", ""外汇期权"", ""期权"", ""期货"", ""欧元"", ""美元"", ""货币互换"", ""远期结售汇""]"
002606,大连电瓷,商品+外汇,电力设备,民企,1,2025-04-25,"[""利率互换"", ""外汇远期"", ""期权"", ""期货"", ""氧化铝"", ""螺纹钢"", ""货币互换""]"
002611,东方精工,外汇,机械设备,民企,1,2025-03-18,"[""利率互换"", ""场外衍生品"", ""外汇掉期"", ""外汇远期"", ""指数"", ""期权"", ""欧元"", ""美元"", ""证券"", ""货币互换""]"
002614,奥佳华,外汇,家用电器,民企,1,2025-08-28,"[""场外衍生品"", ""外汇掉期"", ""外汇远期"", ""期权"", ""美元"", ""货币互换""]"
002615,哈尔斯,商品+外汇,轻工制造,民企,1,2025-08-26,"[""不锈钢"", ""其他"", ""利率互换"", ""外汇掉期"", ""外汇期权"", ""期权"", ""期货"", ""欧元"", ""美元"", ""货币互换"", ""远期结售汇"", ""镍""]"
002616,长青集团,商品+外汇,公用事业,民企,1,2025-10-31,"[""其他"", ""期权"", ""期货"", ""远期""]"
002617,露笑科技,商品,公用事业,民企,1,2025-04-26,"[""期货"", ""铜""]"
002631,德尔未来,商品+外汇,轻工制造,民企,1,2025-08-30,"[""其他"", ""利率互换"", ""外汇掉期"", ""期权"", ""期货"", ""货币互换"", ""远期结售汇""]"
002632,道明光学,商品+外汇,基础化工,民企,1,2025-08-19,"[""其他"", ""利率互换"", ""外汇掉期"", ""外汇远期"", ""期权"", ""期货"", ""货币互换"", ""远期结售汇""]"
002634,棒杰股份,外汇,纺织服饰,民企,1,2025-09-30,"[""利率互换"", ""场外衍生品"", ""外汇互换"", ""外汇掉期"", ""期权"", ""期货"", ""美元"", ""货币互换"", ""远期结售汇""]"
002635,安洁科技,外汇,电子,民企,1,2024-12-28,"[""其他"", ""外汇掉期"", ""期权"", ""期货"", ""美元"", ""货币互换"", ""远期结售汇""]"
002636,金安国纪,外汇,电子,民企,1,2025-10-31,"[""其他"", ""利率互换"", ""外汇掉期"", ""外汇远期"", ""期权"", ""美元"", ""货币互换"", ""远期结售汇""]"
002637,赞宇科技,商品+外汇,基础化工,民企,2,2025-04-22,"[""其他"", ""印尼盾"", ""外汇掉期"", ""外汇期权"", ""外汇远期"", ""新加坡元"", ""期权"", ""期货"", ""欧元"", ""美元"", ""远期结售汇""]"
002639,雪人股份,外汇,机械设备,民企,1,2025-01-24,"[""其他"", ""利率互换"", ""外汇掉期"", ""日元"", ""期权"", ""欧元"", ""港币"", ""美元"", ""货币互换"", ""远期结售汇""]"
002641,公元股份,商品+外汇,建筑材料,民企,2,2025-08-28,"[""PE"", ""PP"", ""PVC"", ""利率互换"", ""场外衍生品"", ""外汇掉期"", ""外汇期权"", ""外汇远期"", ""期权"", ""期货"", ""欧元"", ""美元"", ""货币互换"", ""货币掉期"", ""远期结售汇""]"
002643,万润股份,外汇,电子,央企,1,2025-10-30,"[""美元"", ""远期结售汇""]"
002648,卫星化学,商品+外汇,基础化工,民企,2,2025-03-25,"[""其他"", ""场外衍生品"", ""外汇掉期"", ""期权"", ""期货"", ""欧元"", ""美元"", ""远期结售汇""]"
002649,博彦科技,外汇,计算机,其他,1,2025-12-02,"[""利率互换"", ""外汇掉期"", ""日元"", ""期权"", ""美元"", ""远期结售汇""]"
002650,ST加加,商品+外汇,食品饮料,其他,1,2025-10-28,"[""场外衍生品"", ""期权"", ""期货""]"
002651,利君股份,外汇,国防军工,民企,1,2025-09-11,"[""其他"", ""外汇掉期"", ""期权"", ""远期结售汇""]"
002657,中科金财,商品+外汇,计算机,民企,1,2025-09-11,"[""利率互换"", ""场外衍生品"", ""外汇掉期"", ""外汇远期"", ""期权"", ""期货"", ""货币互换""]"
002659,凯文教育,商品+外汇,社会服务,地方国企,1,2025-08-07,"[""利率"", ""商品"", ""场外衍生品"", ""指数"", ""期权"", ""期货"", ""汇率"", ""证券"", ""货币""]"
002660,茂硕电源,外汇,电子,地方国企,1,2025-03-28,"[""其他"", ""利率互换"", ""外汇掉期"", ""外汇期权"", ""外汇远期"", ""期权"", ""美元"", ""货币互换""]"
002661,克明食品,商品,食品饮料,民企,1,2025-03-22,"[""大豆"", ""小麦"", ""期货"", ""玉米"", ""生猪"", ""豆油"", ""豆粕""]"
002664,信质集团,外汇,汽车,民企,1,2025-04-19,"[""欧元"", ""美元"", ""远期结售汇""]"
002667,威领股份,商品,有色金属,民企,1,2025-08-21,"[""期权"", ""期货"", ""碳酸锂"", ""铅"", ""锌"", ""锡""]"
002668,TCL智家,外汇,家用电器,民企,1,2025-10-30,"[""其他"", ""外汇掉期"", ""外汇远期"", ""欧元"", ""美元"", ""远期结售汇""]"
002672,东江环保,外汇,环保,地方国企,1,2025-10-30,"[""其他"", ""场外衍生品"", ""外汇掉期"", ""日元"", ""期权"", ""欧元"", ""美元"", ""远期结售汇""]"
002676,顺威股份,商品+外汇,家用电器,地方国企,2,2025-04-15,"[""场外衍生品"", ""外汇掉期"", ""期权"", ""期货"", ""欧元"", ""美元"", ""聚丙烯"", ""聚氯乙烯"", ""远期结售汇""]"
002677,浙江美大,商品,家用电器,民企,1,2025-08-29,"[""期货"", ""钢铁材料""]"
002678,珠江钢琴,外汇,轻工制造,地方国企,1,2025-01-17,"[""欧元"", ""美元"", ""远期结售汇""]"
002681,奋达科技,外汇,电子,民企,1,2025-11-20,"[""外汇掉期"", ""外汇期权"", ""期权"", ""美元"", ""货币互换"", ""越南盾"", ""远期结售汇""]"
002682,龙洲股份,商品,交通运输,地方国企,1,2025-01-07,"[""其他"", ""场外衍生品"", ""期货"", ""沥青""]"
002688,金河生物,外汇,农林牧渔,民企,1,2025-12-31,"[""其他"", ""利率互换"", ""场外衍生品"", ""外汇掉期"", ""外汇期权"", ""外汇远期"", ""期权"", ""美元"", ""远期结售汇""]"
002689,远大智能,商品+外汇,机械设备,民企,1,2025-10-29,"[""场外衍生品"", ""期权"", ""期货""]"
002692,远程股份,商品,电力设备,地方国企,1,2025-01-02,"[""期权"", ""期货"", ""铜"", ""铝""]"
002696,百洋股份,外汇,农林牧渔,地方国企,1,2025-04-26,"[""外汇掉期"", ""外汇期权"", ""期权"", ""美元"", ""远期结售汇""]"
002701,奥瑞金,商品+外汇,轻工制造,民企,1,2025-04-29,"[""场外衍生品"", ""外汇远期"", ""期权"", ""期货"", ""欧元"", ""港币"", ""澳元"", ""美元"", ""铝"", ""铝材"", ""马口铁""]"
002707,众信旅游,外汇,社会服务,民企,1,2025-04-29,"[""其他"", ""外汇掉期"", ""期权"", ""欧元"", ""美元"", ""货币互换"", ""远期结售汇""]"
002708,光洋股份,外汇,汽车,地方国企,1,2025-04-26,"[""其他"", ""场外衍生品"", ""外汇掉期"", ""外汇期权"", ""期权"", ""货币互换"", ""远期结售汇""]"
002709,天赐材料,商品+外汇,电力设备,民企,2,2026-01-09,"[""其他"", ""利率互换"", ""场外衍生品"", ""外汇掉期"", ""外汇期权"", ""外汇远期"", ""期权"", ""期货"", ""棕榈油"", ""碳酸锂"", ""美元"", ""货币互换"", ""远期"", ""远期结售汇"", ""铜""]"
002714,牧原股份,商品+外汇,农林牧渔,民企,1,2025-12-10,"[""其他"", ""利率互换"", ""场外衍生品"", ""外汇掉期"", ""期权"", ""期货"", ""玉米"", ""生猪"", ""豆粕"", ""货币互换"", ""远期"", ""远期结售汇""]"
002716,湖南白银,商品,有色金属,地方国企,1,2025-04-10,"[""期货"", ""白银"", ""铅"", ""锌"", ""黄金""]"
002718,友邦吊顶,商品,建筑材料,民企,1,2025-08-27,"[""PVC"", ""期货"", ""钢"", ""铝""]"
002721,ST金一,商品,纺织服饰,地方国企,1,2025-04-29,"[""其他"", ""期货"", ""黄金""]"
002722,物产金轮,商品+外汇,机械设备,地方国企,2,2025-08-19,"[""利率互换"", ""场外衍生品"", ""外汇掉期"", ""外汇远期"", ""日元"", ""期权"", ""期货"", ""欧元"", ""纺织原料"", ""美元"", ""货币互换"", ""远期结售汇"", ""金属""]"
002723,小崧股份,外汇,电子,民企,1,2025-12-30,"[""其他"", ""利率互换"", ""场外衍生品"", ""外汇掉期"", ""期权"", ""期货"", ""美元"", ""货币互换"", ""远期结售汇""]"
002725,跃岭股份,商品+外汇,汽车,民企,2,2025-10-16,"[""人民币"", ""利率互换"", ""外汇掉期"", ""期权"", ""期货"", ""美元"", ""货币互换"", ""远期结售汇"", ""铝锭""]"
002729,好利科技,商品+外汇,电子,民企,1,2025-08-28,"[""其他"", ""场外衍生品"", ""期权"", ""期货"", ""铜"", ""银"", ""锡""]"
002731,萃华珠宝,商品,纺织服饰,民企,1,2025-08-30,"[""期权"", ""期货"", ""锂盐"", ""黄金""]"
002733,雄韬股份,商品+外汇,电力设备,民企,2,2025-11-27,"[""利率互换"", ""外汇掉期"", ""期权"", ""期货"", ""美元"", ""货币互换"", ""远期"", ""远期结售汇"", ""铅"", ""锂""]"
002734,利民股份,外汇,基础化工,民企,1,2025-10-31,"[""其他"", ""利率互换"", ""外汇掉期"", ""期权"", ""欧元"", ""美元"", ""远期结售汇""]"
002738,中矿资源,商品+外汇,有色金属,民企,1,2025-05-20,"[""兰特"", ""其他"", ""加元"", ""场外衍生品"", ""外汇掉期"", ""期权"", ""期货"", ""氢氧化锂"", ""碳酸锂"", ""纳米比亚元"", ""美元"", ""货币互换"", ""赞比亚克瓦查"", ""远期结售汇"", ""铜"", ""锂盐""]"
002741,光华科技,外汇,电子,民企,1,2025-04-24,"[""外汇掉期"", ""期权"", ""美元"", ""远期结售汇""]"
002747,埃斯顿,外汇,机械设备,民企,1,2025-06-05,"[""其他"", ""利率互换"", ""利率掉期"", ""利率期权"", ""场外衍生品"", ""外汇互换"", ""外汇掉期"", ""外汇期权"", ""期权"", ""货币互换"", ""远期结售汇""]"
002752,昇兴股份,商品+外汇,轻工制造,外资,1,2025-04-29,"[""利率互换"", ""场外衍生品"", ""外汇掉期"", ""外汇期权"", ""期权"", ""期货"", ""货币互换"", ""远期结售汇"", ""铝"", ""马口铁""]"
002756,永兴材料,商品+外汇,有色金属,民企,2,2025-08-22,"[""场外衍生品"", ""期权"", ""期货"", ""欧元"", ""碳酸锂"", ""美元"", ""远期结售汇""]"
002758,浙农股份,商品+外汇,基础化工,集体,1,2025-11-27,"[""外汇掉期"", ""外汇期权"", ""尿素"", ""期权"", ""期货"", ""硫磺"", ""碳酸锂"", ""纯碱"", ""美元"", ""远期结售汇""]"
002759,天际股份,商品,电力设备,外资,1,2025-12-13,"[""期货"", ""碳酸锂""]"
002761,浙江建投,外汇,建筑装饰,地方国企,1,2025-04-29,"[""人民币"", ""利率互换"", ""利率掉期"", ""外汇掉期"", ""外汇期权"", ""期权"", ""港币"", ""美元"", ""远期结售汇""]"
002765,蓝黛科技,外汇,汽车,地方国企,1,2025-10-30,"[""其他"", ""外汇掉期"", ""期权"", ""期货"", ""美元"", ""货币互换"", ""远期结售汇""]"
002766,索菱股份,商品+外汇,汽车,民企,1,2025-12-10,"[""场外衍生品"", ""期权"", ""期货""]"
002769,普路通,商品+外汇,交通运输,地方国企,1,2025-12-03,"[""其他"", ""利率互换"", ""外汇掉期"", ""期权"", ""期货"", ""货币互换"", ""远期结售汇""]"
002772,众兴菌业,商品+外汇,农林牧渔,民企,1,2025-08-16,"[""场外衍生品""]"
002785,万里石,商品+外汇,建筑材料,民企,1,2025-10-25,"[""其他"", ""利率互换"", ""外汇掉期"", ""期权"", ""期货"", ""美元"", ""远期结售汇""]"
002786,银宝山新,外汇,机械设备,央企,1,2025-08-30,"[""远期结售汇""]"
002790,瑞尔特,外汇,轻工制造,民企,1,2025-10-29,"[""其他"", ""场外衍生品"", ""外汇掉期"", ""外汇期权"", ""期权"", ""期货"", ""美元"", ""货币互换"", ""远期结售汇""]"
002791,坚朗五金,外汇,建筑材料,民企,1,2025-03-28,"[""外汇掉期"", ""外汇远期"", ""期权"", ""欧元"", ""美元"", ""远期结售汇""]"
002792,通宇通讯,商品+外汇,通信,外资,1,2025-12-25,"[""其他"", ""场外衍生品"", ""外汇掉期"", ""期权"", ""期货"", ""欧元"", ""澳元"", ""美元"", ""远期结售汇"", ""铜"", ""铝""]"
002795,永和智控,外汇,机械设备,民企,1,2025-04-29,"[""美元"", ""远期结售汇""]"
002796,世嘉科技,外汇,通信,民企,1,2025-08-22,"[""其他"", ""外汇掉期"", ""外汇远期"", ""期权"", ""美元"", ""远期结售汇""]"
002801,微光股份,商品+外汇,电力设备,民企,2,2025-07-05,"[""外汇掉期"", ""外汇期权"", ""外汇远期"", ""期权"", ""期货"", ""远期结售汇"", ""铜"", ""铝""]"
002802,洪汇新材,外汇,基础化工,地方国企,1,2025-04-28,"[""利率互换"", ""外汇掉期"", ""期权"", ""美元"", ""货币互换"", ""远期结售汇""]"
002803,吉宏股份,外汇,商贸零售,民企,1,2025-04-02,"[""其他"", ""场外衍生品"", ""外汇掉期"", ""日元"", ""期权"", ""港元"", ""美元"", ""货币互换"", ""远期结售汇""]"
002805,丰元股份,商品,电力设备,民企,1,2025-05-17,"[""其他"", ""期权"", ""期货"", ""锂盐""]"
002810,山东赫达,外汇,基础化工,民企,1,2025-09-26,"[""加元"", ""欧元"", ""美元"", ""远期结售汇""]"
002812,恩捷股份,外汇,电力设备,外资,1,2024-12-31,"[""利率互换"", ""外汇掉期"", ""期权"", ""远期结售汇""]"
002813,路畅科技,商品+外汇,汽车,地方国企,1,2025-09-23,"[""利率互换"", ""外汇掉期"", ""外汇远期"", ""期权"", ""期货"", ""货币互换""]"
002821,凯莱英,外汇,医药生物,外资,1,2025-03-29,"[""其他"", ""利率互换"", ""利率掉期"", ""外汇掉期"", ""外汇期权"", ""外汇远期"", ""期权"", ""美元""]"
002822,*ST中装,外汇,房地产,民企,1,2025-10-31,"[""利率互换"", ""外汇远期"", ""期权"", ""期货"", ""货币互换""]"
002823,凯中精密,外汇,电力设备,外资,1,2025-04-16,"[""其他"", ""利率互换"", ""外汇掉期"", ""外汇期权"", ""日元"", ""期权"", ""欧元"", ""美元"", ""货币互换"", ""远期结售汇""]"
002824,和胜股份,商品+外汇,有色金属,民企,1,2025-08-05,"[""其他"", ""利率互换"", ""场外衍生品"", ""外汇掉期"", ""外汇远期"", ""期权"", ""期货"", ""货币互换"", ""铝"", ""铝锭""]"
002825,纳尔股份,商品+外汇,基础化工,民企,2,2025-12-25,"[""化工原材料"", ""外汇掉期"", ""外汇期权"", ""期权"", ""期货"", ""树脂粉"", ""远期结售汇""]"
002831,裕同科技,外汇,轻工制造,民企,1,2025-08-27,"[""其他"", ""场外衍生品"", ""外汇掉期"", ""外汇期权"", ""欧元"", ""港币"", ""美元"", ""货币互换"", ""远期结售汇""]"
002833,弘亚数控,商品+外汇,机械设备,民企,1,2025-08-28,"[""其他"", ""场外衍生品"", ""期权"", ""期货""]"
002835,同为股份,外汇,计算机,民企,1,2025-10-29,"[""其他"", ""利率互换"", ""外汇掉期"", ""期权"", ""美元"", ""远期结售汇""]"
002837,英维克,商品+外汇,机械设备,民企,1,2025-04-22,"[""利率互换"", ""外汇掉期"", ""外汇远期"", ""新加坡元"", ""日元"", ""期权"", ""期货"", ""欧元"", ""港币"", ""美元"", ""货币互换"", ""远期结售汇""]"
002838,道恩股份,商品,基础化工,民企,1,2025-09-30,"[""PP"", ""期货"", ""聚丙烯""]"
002840,华统股份,商品+外汇,食品饮料,民企,1,2025-12-06,"[""场外衍生品"", ""大豆"", ""期权"", ""期货"", ""棕榈油"", ""淀粉"", ""玉米"", ""生猪"", ""菜粕"", ""豆油"", ""豆粕"", ""鸡肉""]"
002841,视源股份,商品+外汇,电子,外资,1,2025-08-27,"[""场外衍生品"", ""外汇掉期"", ""外汇期权"", ""外汇远期"", ""期权"", ""期货"", ""欧元"", ""港元"", ""美元"", ""货币掉期"", ""远期结售汇""]"
002842,翔鹭钨业,外汇,有色金属,民企,1,2025-04-29,"[""场外衍生品"", ""外汇掉期"", ""期权"", ""期货"", ""美元"", ""远期结售汇""]"
002845,同兴达,商品+外汇,电子,民企,1,2025-08-27,"[""其他"", ""外汇掉期"", ""期权"", ""期货"", ""港元"", ""美元"", ""货币互换"", ""远期结售汇""]"
002846,英联股份,商品+外汇,轻工制造,民企,2,2025-12-19,"[""其他"", ""外汇掉期"", ""外汇期权"", ""期权"", ""期货"", ""美元"", ""远期结售汇"", ""铝"", ""铝材""]"
002848,*ST高斯,外汇,家用电器,地方国企,1,2025-08-30,"[""场外衍生品"", ""外汇掉期"", ""外汇期权"", ""远期结售汇""]"
002851,麦格米特,商品+外汇,电力设备,民企,1,2025-10-30,"[""其他"", ""利率互换"", ""外汇掉期"", ""外汇远期"", ""期权"", ""期货"", ""货币互换"", ""远期结售汇""]"
002852,道道全,商品+外汇,农林牧渔,民企,2,2025-10-28,"[""利率互换"", ""利率掉期"", ""利率期权"", ""场外衍生品"", ""外汇掉期"", ""外汇期权"", ""外汇期货"", ""大豆"", ""期货"", ""棕榈油"", ""菜籽油"", ""菜粕"", ""豆油"", ""豆粕"", ""远期结售汇""]"
002855,捷荣技术,外汇,电子,外资,1,2025-08-27,"[""其他"", ""利率互换"", ""外汇掉期"", ""期权"", ""期货"", ""美元"", ""货币互换"", ""远期结售汇""]"
002859,洁美科技,商品+外汇,电子,民企,2,2025-11-22,"[""场外衍生品"", ""外汇掉期"", ""外汇期权"", ""日元"", ""期权"", ""期货"", ""美元"", ""货币互换"", ""货币掉期"", ""远期结售汇""]"
002861,瀛通通讯,外汇,电子,民企,1,2024-10-28,"[""利率互换"", ""外汇掉期"", ""外汇远期"", ""期权"", ""货币互换"", ""远期结售汇""]"
002863,今飞凯达,外汇,汽车,民企,1,2025-08-29,"[""其他"", ""利率互换"", ""外汇掉期"", ""外汇远期"", ""日元"", ""期权"", ""欧元"", ""美元""]"
002865,钧达股份,商品+外汇,电力设备,外资,2,2025-09-30,"[""利率互换"", ""外汇掉期"", ""多晶硅"", ""期权"", ""期货"", ""白银"", ""货币互换"", ""远期结售汇"", ""银浆""]"
002866,传艺科技,外汇,电子,民企,1,2025-10-30,"[""其他"", ""利率互换"", ""场外衍生品"", ""外汇掉期"", ""期权"", ""美元"", ""货币互换"", ""远期结售汇""]"
002868,*ST绿康,商品+外汇,农林牧渔,民企,2,2025-10-24,"[""其他"", ""利率互换"", ""利率掉期"", ""利率期权"", ""场外衍生品"", ""外汇掉期"", ""外汇期权"", ""期货"", ""货币互换"", ""远期结售汇""]"
002869,金溢科技,商品+外汇,计算机,民企,1,2025-10-31,"[""场外衍生品"", ""期权"", ""期货""]"
002870,香山股份,外汇,汽车,民企,1,2025-03-28,"[""其他"", ""利率互换"", ""外汇掉期"", ""外汇期权"", ""期权"", ""欧元"", ""美元"", ""远期结售汇""]"
002871,伟隆股份,外汇,机械设备,民企,1,2025-04-26,"[""其他"", ""利率互换"", ""利率期权"", ""外汇掉期"", ""外汇期权"", ""外汇远期"", ""新加坡元"", ""期权"", ""欧元"", ""沙特里亚尔"", ""泰铢"", ""美元"", ""英镑"", ""货币互换"", ""远期结售汇""]"
002876,三利谱,外汇,电子,民企,1,2025-10-27,"[""其他"", ""利率互换"", ""场外衍生品"", ""外汇掉期"", ""外汇期权"", ""外汇期货"", ""期权"", ""期货"", ""货币互换"", ""远期结售汇""]"
002879,长缆科技,商品,电力设备,民企,1,2025-03-18,"[""期权"", ""期货"", ""豆油""]"
002881,美格智能,外汇,通信,民企,1,2025-03-01,"[""其他"", ""外汇掉期"", ""期权"", ""美元"", ""货币互换"", ""远期结售汇""]"
002882,金龙羽,商品,电力设备,民企,1,2025-04-03,"[""期货"", ""铜""]"
002885,京泉华,外汇,电子,民企,1,2025-12-11,"[""其他"", ""利率互换"", ""外汇掉期"", ""期权"", ""期货"", ""港币"", ""美元"", ""货币互换"", ""远期结售汇""]"
002886,沃特股份,外汇,基础化工,民企,1,2025-08-02,"[""其他"", ""利率互换"", ""场外衍生品"", ""外汇掉期"", ""外汇远期"", ""期权"", ""期货"", ""货币互换"", ""远期结售汇""]"
002889,东方嘉盛,商品+外汇,交通运输,民企,1,2025-12-01,"[""利率互换"", ""场外衍生品"", ""外汇掉期"", ""外汇期权"", ""期权"", ""期货"", ""货币互换"", ""远期结售汇""]"
002891,中宠股份,外汇,农林牧渔,民企,1,2025-07-12,"[""利率互换"", ""外汇掉期"", ""外汇远期"", ""期权"", ""货币互换"", ""远期结售汇""]"
002892,科力尔,商品+外汇,电力设备,民企,1,2025-08-26,"[""其他"", ""场外衍生品"", ""外汇掉期"", ""期权"", ""期货"", ""美元"", ""货币互换"", ""远期"", ""远期结售汇""]"
002895,川恒股份,外汇,基础化工,民企,1,2024-12-07,"[""外汇掉期"", ""期权"", ""美元"", ""远期结售汇""]"
002897,意华股份,外汇,通信,民企,1,2025-10-30,"[""外汇掉期"", ""远期结售汇""]"
002899,英派斯,商品+外汇,轻工制造,民企,1,2025-10-31,"[""其他"", ""期权"", ""期货""]"
002901,大博医疗,外汇,医药生物,民企,1,2025-10-29,"[""场外衍生品"", ""期权"", ""期货""]"
002902,铭普光磁,商品+外汇,通信,民企,2,2025-08-19,"[""其他"", ""期权"", ""期货"", ""美元"", ""货币互换"", ""远期结售汇"", ""铜"", ""锡""]"
002906,华阳集团,外汇,汽车,民企,1,2025-08-20,"[""其他"", ""利率互换"", ""场外衍生品"", ""外汇掉期"", ""期权"", ""欧元"", ""港币"", ""美元"", ""远期结售汇""]"
002911,佛燃能源,商品+外汇,公用事业,地方国企,2,2025-12-11,"[""其他"", ""化工产品"", ""场外衍生品"", ""外汇掉期"", ""天然气"", ""掉期"", ""日元"", ""有色金属"", ""期权"", ""期货"", ""欧元"", ""油品"", ""港元"", ""美元"", ""货币互换"", ""远期"", ""远期结售汇""]"
002912,中新赛克,外汇,计算机,地方国企,1,2025-03-28,"[""其他"", ""场外衍生品"", ""外汇掉期"", ""期权"", ""期货"", ""欧元"", ""美元"", ""货币互换"", ""远期结售汇""]"
002913,奥士康,商品+外汇,电子,民企,1,2025-07-05,"[""其他"", ""场外衍生品"", ""外汇掉期"", ""期权"", ""期货"", ""美元"", ""远期"", ""远期结售汇"", ""金"", ""铜""]"
002915,中欣氟材,外汇,基础化工,民企,1,2025-04-22,"[""利率互换"", ""外汇掉期"", ""外汇远期"", ""期权"", ""美元"", ""货币互换"", ""远期结售汇""]"
002916,深南电路,外汇,电子,央企,1,2025-12-31,"[""其他"", ""利率互换"", ""外汇掉期"", ""外汇远期"", ""期权"", ""美元"", ""远期结售汇""]"
002917,金奥博,商品+外汇,基础化工,民企,1,2025-09-27,"[""利率互换"", ""场外衍生品"", ""外汇远期"", ""期权"", ""期货"", ""货币互换""]"
002920,德赛西威,商品+外汇,汽车,其他,1,2025-12-03,"[""人民币"", ""其他"", ""利率互换"", ""场外衍生品"", ""外汇掉期"", ""外汇远期"", ""期权"", ""期货"", ""美元"", ""货币互换"", ""远期结售汇""]"
002921,联诚精密,外汇,汽车,外资,1,2025-07-01,"[""利率互换"", ""外汇掉期"", ""外汇期权"", ""外汇远期"", ""日元"", ""期权"", ""欧元"", ""美元"", ""远期结售汇""]"
002922,伊戈尔,商品+外汇,电子,民企,2,2025-11-25,"[""其他"", ""场外衍生品"", ""外汇掉期"", ""外汇期权"", ""日元"", ""期权"", ""期货"", ""欧元"", ""美元"", ""货币互换"", ""远期结售汇"", ""铜""]"
002925,盈趣科技,外汇,电子,外资,1,2025-04-25,"[""外汇掉期"", ""外汇期权"", ""期权"", ""美元"", ""远期结售汇""]"
002928,华夏航空,商品+外汇,交通运输,民企,2,2025-08-30,"[""其他"", ""利率互换"", ""原油"", ""场外衍生品"", ""外汇掉期"", ""期权"", ""期货"", ""美元"", ""航油"", ""远期结售汇""]"
002931,锋龙股份,外汇,机械设备,民企,1,2025-10-14,"[""利率互换"", ""外汇掉期"", ""外汇远期"", ""期权"", ""美元"", ""货币互换"", ""远期结售汇""]"
002932,明德生物,商品+外汇,医药生物,民企,1,2025-10-18,"[""场外衍生品"", ""期权"", ""期货""]"
002937,兴瑞科技,外汇,汽车,民企,1,2025-04-25,"[""美元"", ""远期结售汇""]"
002938,鹏鼎控股,外汇,电子,外资,1,2025-04-30,"[""其他"", ""利率"", ""利率互换"", ""外汇掉期"", ""外汇期权"", ""外汇远期"", ""期权"", ""期货"", ""汇率"", ""货币互换"", ""远期结售汇""]"
002942,新农股份,外汇,基础化工,民企,1,2025-04-23,"[""外汇掉期"", ""期权"", ""远期结售汇""]"
002947,恒铭达,外汇,电子,民企,1,2025-11-21,"[""利率互换"", ""外汇掉期"", ""货币互换"", ""远期结售汇""]"
002950,奥美医疗,商品+外汇,医药生物,外资,2,2025-04-26,"[""利率互换"", ""外汇期权"", ""外汇远期"", ""期权"", ""期货"", ""棉纱"", ""棉花"", ""短纤"", ""聚丙烯"", ""聚乙烯"", ""聚苯乙烯"", ""货币互换"", ""远期结售汇""]"
002952,亚世光电,商品+外汇,电子,外资,1,2025-06-27,"[""其他"", ""利率互换"", ""场外衍生品"", ""外汇掉期"", ""期权"", ""期货"", ""美元"", ""货币互换"", ""远期结售汇""]"
002955,鸿合科技,外汇,电子,其他,1,2025-12-01,"[""其他"", ""利率互换"", ""外汇掉期"", ""外汇期权"", ""期权"", ""欧元"", ""美元"", ""货币掉期"", ""远期结售汇""]"
002956,西麦食品,外汇,食品饮料,外资,1,2025-10-30,"[""利率互换"", ""外汇掉期"", ""外汇远期"", ""期权"", ""美元"", ""货币互换"", ""远期结售汇""]"
002957,科瑞技术,外汇,机械设备,外资,1,2025-09-19,"[""其他"", ""利率互换"", ""场外衍生品"", ""外汇掉期"", ""期权"", ""美元"", ""货币互换"", ""远期结售汇""]"
002959,小熊电器,商品+外汇,家用电器,外资,1,2025-10-31,"[""不锈钢"", ""场外衍生品"", ""期权"", ""期货"", ""聚丙烯"", ""远期"", ""铜"", ""铝""]"
002962,五方光电,外汇,电子,民企,1,2025-04-26,"[""其他"", ""场外衍生品"", ""外汇掉期"", ""外汇期权"", ""日元"", ""美元"", ""货币互换"", ""远期结售汇""]"
002970,锐明技术,外汇,计算机,民企,1,2025-12-24,"[""其他"", ""场外衍生品"", ""外汇掉期"", ""外汇期权"", ""期权"", ""期货"", ""货币互换"", ""远期结售汇""]"
002975,博杰股份,商品+外汇,机械设备,民企,1,2025-10-30,"[""利率互换"", ""外汇掉期"", ""期权"", ""期货"", ""货币互换"", ""远期结售汇""]"
002976,瑞玛精密,外汇,汽车,民企,1,2025-04-25,"[""场外衍生品"", ""外汇掉期"", ""期权"", ""期货"", ""欧元"", ""美元"", ""英镑"", ""远期结售汇""]"
002980,华盛昌,外汇,电力设备,民企,1,2025-04-18,"[""场外衍生品"", ""外汇掉期"", ""期权"", ""期货"", ""货币互换"", ""远期结售汇""]"
002981,朝阳科技,外汇,电子,民企,1,2025-10-18,"[""其他"", ""利率互换"", ""外汇掉期"", ""期权"", ""远期结售汇""]"
002984,森麒麟,商品+外汇,汽车,民企,2,2025-06-04,"[""人民币"", ""利率互换"", ""外汇掉期"", ""外汇期权"", ""天然橡胶"", ""日元"", ""期权"", ""期货"", ""欧元"", ""泰铢"", ""美元"", ""远期结售汇"", ""迪拉姆""]"
002986,宇新股份,商品+外汇,石油石化,民企,2,2025-10-21,"[""其他"", ""利率互换"", ""场外衍生品"", ""外汇掉期"", ""期权"", ""期货"", ""欧元"", ""美元"", ""远期结售汇""]"
002988,豪美新材,商品+外汇,有色金属,外资,2,2025-03-29,"[""其他"", ""利率互换"", ""外汇掉期"", ""外汇期权"", ""期权"", ""期货"", ""美元"", ""货币互换"", ""远期结售汇"", ""铝"", ""铝锭""]"
002991,甘源食品,商品,食品饮料,民企,1,2025-08-13,"[""场外衍生品"", ""期权"", ""期货"", ""棕榈油"", ""白糖"", ""花生"", ""豆油""]"
002993,奥海科技,外汇,电子,民企,1,2025-10-28,"[""其他"", ""利率互换"", ""印尼盾"", ""印度卢比"", ""场外衍生品"", ""外汇掉期"", ""外汇期权"", ""期权"", ""美元"", ""货币互换"", ""远期结售汇""]"
002996,顺博合金,商品,有色金属,民企,1,2025-12-30,"[""工业硅"", ""期权"", ""期货"", ""菜油"", ""铝"", ""铝合金""]"
002998,优彩资源,商品,基础化工,民企,1,2025-04-25,"[""MEG"", ""PTA"", ""乙二醇"", ""乙二醇（MEG）"", ""期货"", ""精对苯二甲酸"", ""精对苯二甲酸（PTA）""]"
002999,天禾股份,商品,基础化工,集体,1,2025-05-20,"[""尿素"", ""期货"", ""甲醇""]"
003003,天元股份,商品+外汇,轻工制造,民企,1,2025-08-30,"[""场外衍生品"", ""外汇掉期"", ""日元"", ""期权"", ""期货"", ""欧元"", ""美元"", ""远期结售汇""]"
003010,若羽臣,商品+外汇,商贸零售,民企,1,2025-08-20,"[""其他"", ""利率互换"", ""场外衍生品"", ""外汇远期"", ""期权"", ""期货"", ""货币互换"", ""远期结售汇""]"
003011,海象新材,商品+外汇,轻工制造,民企,1,2025-10-30,"[""其他"", ""利率互换"", ""场外衍生品"", ""外汇掉期"", ""外汇期权"", ""外汇远期"", ""期权"", ""期货"", ""欧元"", ""美元"", ""货币互换""]"
003017,大洋生物,商品+外汇,基础化工,民企,1,2025-08-26,"[""利率互换"", ""外汇掉期"", ""外汇远期"", ""期权"", ""期货"", ""美元"", ""货币互换"", ""远期结售汇""]"
003019,宸展光电,商品+外汇,电子,外资,1,2025-11-26,"[""利率互换"", ""场外衍生品"", ""外汇掉期"", ""外汇远期"", ""期权"", ""期货"", ""美元"", ""货币互换"", ""远期结售汇""]"
003022,联泓新科,商品,电力设备,民企,1,2024-12-20,"[""期货"", ""甲醇""]"
003028,振邦智能,外汇,家用电器,民企,1,2025-12-13,"[""其他"", ""外汇掉期"", ""外汇期权"", ""期权"", ""美元"", ""远期结售汇""]"
003037,三和管桩,外汇,建筑材料,民企,1,2025-08-27,"[""印尼盾"", ""场外衍生品"", ""外汇期权"", ""外汇远期"", ""期权"", ""美元""]"
003038,鑫铂股份,商品+外汇,有色金属,民企,2,2025-10-27,"[""其他"", ""利率互换"", ""利率掉期"", ""利率期权"", ""场外衍生品"", ""外汇掉期"", ""外汇期权"", ""期权"", ""期货"", ""美元"", ""货币互换"", ""货币掉期"", ""远期结售汇"", ""铝""]"
003041,真爱美家,外汇,纺织服饰,民企,1,2025-10-25,"[""其他"", ""场外衍生品"", ""外汇掉期"", ""期权"", ""期货"", ""欧元"", ""美元"", ""货币互换"", ""远期结售汇""]"
003042,中农联合,外汇,基础化工,集体,1,2025-04-26,"[""美元"", ""远期结售汇""]"
003043,华亚智能,外汇,电子,民企,1,2025-09-10,"[""利率互换"", ""场外衍生品"", ""外汇掉期"", ""外汇远期"", ""期权"", ""远期结售汇""]"
003816,中国广核,外汇,公用事业,央企,1,2025-01-09,"[""外汇远期"", ""欧元"", ""美元"", ""远期结售汇""]"
200512,闽灿坤Ｂ,商品+外汇,未分类,其他,1,2025-10-29,"[""其他"", ""场外衍生品"", ""外汇掉期"", ""外汇远期"", ""期权"", ""期货""]"
200550,江  铃Ｂ,外汇,未分类,其他,1,2025-03-29,"[""欧元"", ""美元"", ""远期结售汇""]"
200553,安道麦B,外汇,未分类,其他,1,2025-12-23,"[""以色列谢克尔"", ""其他"", ""场场外衍生品"", ""场外衍生品"", ""外汇掉期"", ""外汇远期"", ""期权"", ""美元""]"
300001,特锐德,外汇,电力设备,民企,1,2025-12-31,"[""利率互换"", ""利率掉期"", ""利率期权"", ""外汇掉期"", ""外汇期权"", ""货币互换"", ""远期结售汇""]"
300002,神州泰岳,外汇,传媒,民企,1,2025-04-26,"[""其他"", ""外汇掉期"", ""期权"", ""港币"", ""美元"", ""远期结售汇""]"
300003,乐普医疗,外汇,医药生物,民企,1,2025-10-25,"[""利率互换"", ""外汇掉期"", ""期权"", ""货币互换"", ""远期结售汇""]"
300008,天海防务,商品+外汇,国防军工,民企,1,2025-10-28,"[""利率互换"", ""外汇掉期"", ""期权"", ""期货"", ""欧元"", ""焦炭"", ""美元"", ""货币互换"", ""远期结售汇""]"
300014,亿纬锂能,商品+外汇,电力设备,民企,1,2026-02-27,"[""其他"", ""场外衍生品"", ""外汇互换"", ""外汇掉期"", ""外汇期权"", ""外汇期货"", ""期权"", ""期货"", ""欧元"", ""碳酸锂"", ""美元"", ""货币互换"", ""货币掉期"", ""远期"", ""远期结售汇"", ""铜"", ""铝"", ""锂""]"
300017,网宿科技,外汇,计算机,民企,1,2025-10-27,"[""其他"", ""利率互换"", ""场外衍生品"", ""外汇掉期"", ""外汇远期"", ""期权"", ""美元"", ""货币互换"", ""远期结售汇""]"
300031,宝通科技,商品+外汇,传媒,民企,1,2025-10-29,"[""PTA"", ""其他"", ""利率互换"", ""场外衍生品"", ""外汇掉期"", ""天然橡胶"", ""期权"", ""期货"", ""欧元"", ""美元"", ""货币互换"", ""远期结售汇""]"
300032,金龙机电,外汇,电子,民企,1,2025-11-20,"[""利率互换"", ""外汇掉期"", ""外汇远期"", ""期权"", ""欧元"", ""美元"", ""货币互换"", ""远期结售汇""]"
300035,中科电气,外汇,电力设备,民企,1,2026-04-29,"[""外汇掉期"", ""期权"", ""美元"", ""远期结售汇""]"
300037,新宙邦,商品+外汇,电力设备,民企,2,2025-12-12,"[""其他"", ""利率互换"", ""外汇掉期"", ""外汇远期"", ""日元"", ""期权"", ""期货"", ""欧元"", ""碳酸锂"", ""美元"", ""货币互换""]"
300041,回天新材,外汇,基础化工,民企,1,2025-04-28,"[""利率互换"", ""外汇掉期"", ""外汇期权"", ""期权"", ""美元"", ""远期结售汇""]"
300043,星辉娱乐,外汇,传媒,外资,1,2025-04-28,"[""外汇掉期"", ""外汇期货"", ""期货"", ""美元"", ""远期结售汇""]"
300048,合康新能,商品+外汇,机械设备,民企,1,2025-12-11,"[""其他"", ""利率互换"", ""利率掉期"", ""场外衍生品"", ""外汇掉期"", ""外汇期权"", ""期权"", ""期货"", ""欧元"", ""美元"", ""远期结售汇""]"
300054,鼎龙股份,外汇,电子,民企,1,2025-04-29,"[""其他"", ""利率"", ""利率互换"", ""场外衍生品"", ""外汇掉期"", ""外汇远期"", ""日元"", ""期权"", ""欧元"", ""汇率"", ""美元"", ""货币"", ""货币互换"", ""远期结售汇""]"
300057,万顺新材,商品+外汇,有色金属,民企,1,2025-11-13,"[""利率互换"", ""场外衍生品"", ""外汇掉期"", ""外汇远期"", ""期权"", ""期货"", ""货币互换"", ""远期结售汇"", ""铝""]"
300058,蓝色光标,外汇,传媒,民企,1,2025-04-25,"[""其他"", ""利率互换"", ""外汇掉期"", ""外汇期权"", ""美元"", ""货币互换"", ""远期结售汇""]"
300063,天龙集团,商品+外汇,传媒,民企,1,2025-03-14,"[""原油"", ""期权"", ""期货"", ""港元"", ""美元"", ""远期结售汇""]"
300065,海兰信,外汇,国防军工,民企,1,2025-12-13,"[""利率互换"", ""外汇掉期"", ""期权"", ""货币互换"", ""远期结售汇""]"
300067,安诺其,商品,基础化工,民企,1,2025-08-26,"[""利率"", ""商品"", ""场外衍生品"", ""指数"", ""期货"", ""证券""]"
300068,南都电源,商品+外汇,电力设备,外资,1,2025-06-07,"[""其他"", ""利率互换"", ""外汇掉期"", ""外汇期权"", ""期权"", ""期货"", ""欧元"", ""美元"", ""远期"", ""远期结售汇"", ""铅"", ""铜"", ""铝"", ""锂""]"
300073,当升科技,商品+外汇,电力设备,央企,1,2025-12-30,"[""互换"", ""其他"", ""期权"", ""期货"", ""美元"", ""远期"", ""远期结售汇""]"
300077,国民技术,外汇,电子,民企,1,2025-04-17,"[""美元"", ""远期结售汇""]"
300078,思创医惠,外汇,计算机,民企,1,2025-08-23,"[""外汇掉期"", ""期权"", ""美元"", ""远期结售汇""]"
300082,奥克股份,商品+外汇,基础化工,民企,2,2025-08-26,"[""乙烯"", ""原油"", ""外汇远期"", ""大宗化工商品"", ""期权"", ""期货"", ""环氧乙烷"", ""贵金属"", ""远期"", ""远期结售汇"", ""银""]"
300083,创世纪,商品+外汇,机械设备,民企,1,2025-08-19,"[""其他"", ""利率互换"", ""利率掉期"", ""利率期权"", ""外汇掉期"", ""外汇期权"", ""新加坡元"", ""期权"", ""期货"", ""欧元"", ""港元"", ""美元"", ""货币互换"", ""远期"", ""远期结售汇""]"
300085,银之杰,外汇,计算机,民企,1,2025-10-29,"[""其他"", ""利率互换"", ""场外衍生品"", ""外汇掉期"", ""外汇期权"", ""期权"", ""货币互换"", ""远期结售汇""]"
300088,长信科技,外汇,电子,地方国企,1,2025-04-25,"[""美元"", ""货币互换""]"
300098,高新兴,外汇,通信,民企,1,2025-07-01,"[""利率互换"", ""利率掉期"", ""利率期权"", ""外汇掉期"", ""外汇期权"", ""期权"", ""美元"", ""远期结售汇""]"
300102,乾照光电,商品,电子,民企,1,2025-08-16,"[""其他"", ""期货"", ""黄金""]"
300111,向日葵,外汇,医药生物,民企,1,2025-08-29,"[""外汇掉期"", ""外汇远期"", ""美元"", ""远期结售汇""]"
300115,长盈精密,外汇,电子,民企,1,2025-04-18,"[""利率互换"", ""期权"", ""远期结售汇""]"
300118,东方日升,外汇,电力设备,民企,1,2025-08-28,"[""外汇期权"", ""期权"", ""欧元"", ""澳元"", ""美元"", ""远期结售汇""]"
300121,阳谷华泰,外汇,基础化工,民企,1,2025-10-14,"[""其他"", ""利率互换"", ""利率掉期"", ""利率期权"", ""场外衍生品"", ""外汇掉期"", ""外汇期权"", ""期权"", ""欧元"", ""美元"", ""货币互换"", ""货币掉期"", ""远期结售汇""]"
300124,汇川技术,商品+外汇,机械设备,民企,1,2025-04-29,"[""不锈钢"", ""利率互换"", ""外汇掉期"", ""外汇远期"", ""期权"", ""期货"", ""欧元"", ""热卷"", ""美元"", ""聚氯乙烯"", ""货币互换"", ""远期结售汇"", ""铜"", ""铝"", ""银"", ""韩元""]"
300126,锐奇股份,商品+外汇,机械设备,民企,1,2026-04-23,"[""其他"", ""利率互换"", ""场外衍生品"", ""外汇掉期"", ""外汇期权"", ""期权"", ""期货"", ""美元"", ""货币互换"", ""远期结售汇""]"
300128,锦富技术,外汇,电子,地方国企,1,2025-10-31,"[""外汇掉期"", ""外汇期权"", ""外汇远期"", ""期权""]"
300129,泰胜风能,外汇,电力设备,地方国企,1,2024-12-03,"[""欧元"", ""美元"", ""远期结售汇""]"
300130,新国都,外汇,计算机,民企,1,2025-03-29,"[""新加坡元"", ""欧元"", ""港元"", ""美元"", ""远期结售汇""]"
300132,青松股份,外汇,美容护理,其他,1,2025-10-29,"[""其他"", ""利率互换"", ""外汇掉期"", ""期权"", ""美元"", ""货币互换"", ""远期结售汇""]"
300133,华策影视,外汇,传媒,民企,1,2025-08-20,"[""其他"", ""利率互换"", ""利率掉期"", ""利率期权"", ""场外衍生品"", ""外汇掉期"", ""外汇期权"", ""期权"", ""欧元"", ""美元"", ""货币互换"", ""货币掉期"", ""远期结售汇""]"
300134,大富科技,外汇,通信,地方国企,1,2025-04-25,"[""欧元"", ""美元"", ""远期结售汇""]"
300135,宝利国际,商品+外汇,石油石化,地方国企,1,2025-06-26,"[""利率互换"", ""加元"", ""外汇掉期"", ""日元"", ""期权"", ""期货"", ""欧元"", ""沥青"", ""美元"", ""货币互换"", ""远期结售汇""]"
300136,信维通信,外汇,电子,民企,1,2025-08-15,"[""利率互换"", ""外汇掉期"", ""外汇期权"", ""期权"", ""远期结售汇""]"
300138,晨光生物,商品+外汇,农林牧渔,民企,2,2026-03-31,"[""外汇远期"", ""期货"", ""棉油"", ""棉籽"", ""棉粕"", ""棉蛋白"", ""美元"", ""菜粕"", ""豆油"", ""豆粕"", ""远期结售汇""]"
300142,沃森生物,外汇,医药生物,民企,1,2025-11-29,"[""外汇掉期"", ""欧元"", ""港币"", ""美元"", ""货币互换"", ""远期结售汇""]"
300145,中金环境,商品,机械设备,地方国企,1,2025-04-29,"[""期货"", ""贵金属""]"
300146,汤臣倍健,商品+外汇,食品饮料,民企,1,2025-10-30,"[""其他"", ""场外衍生品"", ""期权"", ""期货""]"
300149,睿智医药,外汇,医药生物,外资,1,2025-04-29,"[""其他"", ""利率互换"", ""外汇掉期"", ""期权"", ""欧元"", ""美元"", ""货币互换"", ""远期结售汇""]"
300151,昌红科技,外汇,机械设备,民企,1,2025-10-30,"[""其他"", ""外汇掉期"", ""外汇期权"", ""美元"", ""远期结售汇""]"
300153,科泰电源,外汇,电力设备,外资,1,2025-10-29,"[""其他"", ""利率互换"", ""场外衍生品"", ""外汇掉期"", ""外汇期权"", ""期权"", ""美元"", ""货币互换"", ""远期结售汇""]"
300154,瑞凌股份,外汇,机械设备,民企,1,2025-10-28,"[""利率互换"", ""外汇掉期"", ""期权"", ""美元"", ""远期结售汇""]"
300162,雷曼光电,外汇,电子,民企,1,2025-08-28,"[""其他"", ""利率互换"", ""利率期权"", ""场外衍生品"", ""外汇掉期"", ""外汇期权"", ""期权"", ""欧元"", ""港币"", ""美元"", ""货币互换"", ""远期结售汇""]"
300170,汉得信息,外汇,计算机,民企,1,2025-04-22,"[""利率互换"", ""场外衍生品"", ""外汇掉期"", ""外汇期权"", ""外汇远期"", ""新加坡元"", ""日元"", ""期权"", ""欧元"", ""美元"", ""货币互换"", ""远期结售汇""]"
300171,东富龙,外汇,医药生物,民企,1,2025-08-28,"[""利率互换"", ""外汇掉期"", ""期权"", ""远期结售汇""]"
300175,ST朗源,商品+外汇,农林牧渔,民企,2,2025-08-29,"[""其他"", ""利率互换"", ""场外衍生品"", ""外汇掉期"", ""期权"", ""期货"", ""美元"", ""货币互换"", ""远期结售汇""]"
300176,鸿特科技,外汇,汽车,民企,1,2025-09-12,"[""其他"", ""外汇掉期"", ""外汇期权"", ""美元"", ""远期结售汇""]"
300177,中海达,外汇,国防军工,民企,1,2025-04-16,"[""其他"", ""外汇掉期"", ""外汇远期"", ""期权"", ""美元"", ""货币互换"", ""远期结售汇""]"
300180,华峰超纤,外汇,基础化工,民企,1,2025-08-26,"[""欧元"", ""美元"", ""远期结售汇""]"
300184,力源信息,外汇,电子,外资,1,2025-10-25,"[""其他"", ""利率互换"", ""场外衍生品"", ""外汇掉期"", ""外汇远期"", ""日元"", ""期权"", ""期货"", ""港币"", ""美元"", ""货币互换"", ""远期结售汇""]"
300195,长荣股份,商品+外汇,机械设备,民企,1,2025-10-29,"[""其他"", ""利率互换"", ""场外衍生品"", ""外汇掉期"", ""外汇远期"", ""期权"", ""期货"", ""欧元"", ""美元"", ""货币互换"", ""远期结售汇""]"
300196,长海股份,外汇,建筑材料,民企,1,2025-08-20,"[""其他"", ""场外衍生品"", ""外汇掉期"", ""期权"", ""美元"", ""远期结售汇""]"
300207,欣旺达,商品+外汇,电力设备,民企,1,2025-12-04,"[""利率互换"", ""外汇掉期"", ""期权"", ""期货"", ""氢氧化锂"", ""硫酸镍"", ""碳酸锂"", ""货币互换"", ""远期结售汇"", ""铜箔"", ""铝箔""]"
300214,日科化学,其他,基础化工,民企,1,2025-10-23,"[""利率"", ""指数"", ""期权"", ""期货"", ""证券"", ""远期""]"
300218,安利股份,外汇,基础化工,民企,1,2025-10-28,"[""外汇远期"", ""期权"", ""货币互换"", ""远期结售汇""]"
300219,鸿利智汇,商品+外汇,电子,地方国企,2,2025-09-30,"[""期权"", ""期货"", ""远期结售汇""]"
300221,银禧科技,商品+外汇,基础化工,民企,2,2025-10-21,"[""其他"", ""利率互换"", ""外汇掉期"", ""外汇期权"", ""期权"", ""期货"", ""港币"", ""美元"", ""聚丙烯"", ""聚氯乙烯"", ""远期结售汇""]"
300226,上海钢联,商品+外汇,计算机,民企,2,2025-12-02,"[""不锈钢"", ""其他"", ""场外衍生品"", ""有色金属"", ""期权"", ""期货"", ""热卷"", ""焦炭"", ""焦煤"", ""螺纹"", ""螺纹钢"", ""远期结售汇"", ""铁矿"", ""铝板""]"
300227,光韵达,商品+外汇,机械设备,民企,1,2025-12-13,"[""利率互换"", ""期权"", ""期货"", ""货币互换"", ""远期""]"
300228,富瑞特装,商品+外汇,机械设备,民企,1,2025-08-19,"[""利率互换"", ""场外衍生品"", ""外汇掉期"", ""外汇远期"", ""期权"", ""期货"", ""货币互换""]"
300230,永利股份,外汇,基础化工,民企,1,2025-04-28,"[""其他"", ""利率互换"", ""利率掉期"", ""利率期权"", ""场外衍生品"", ""外汇掉期"", ""外汇期权"", ""期权"", ""欧元"", ""港币"", ""美元"", ""货币互换"", ""远期结售汇"", ""韩元""]"
300232,洲明科技,外汇,电子,民企,1,2026-04-22,"[""场外衍生品"", ""外汇掉期"", ""外汇远期"", ""期权"", ""欧元"", ""美元"", ""货币互换"", ""远期结售汇""]"
300233,金城医药,外汇,医药生物,民企,1,2025-10-27,"[""利率互换"", ""外汇掉期"", ""外汇远期"", ""期权"", ""货币互换"", ""远期结售汇""]"
300236,上海新阳,商品+外汇,电子,民企,1,2025-10-30,"[""利率互换"", ""外汇掉期"", ""外汇远期"", ""期权"", ""期货"", ""货币互换""]"
300240,飞力达,外汇,交通运输,民企,1,2026-04-21,"[""其他"", ""利率互换"", ""外汇掉期"", ""期权"", ""美元"", ""远期结售汇""]"
300241,瑞丰光电,商品+外汇,电子,民企,2,2025-08-27,"[""其他"", ""场外衍生品"", ""外汇掉期"", ""外汇远期"", ""日元"", ""期权"", ""期货"", ""欧元"", ""美元"", ""货币互换"", ""远期结售汇"", ""黄金""]"
300244,迪安诊断,商品+外汇,医药生物,民企,1,2025-12-16,"[""其他"", ""利率互换"", ""外汇掉期"", ""期权"", ""期货"", ""美元"", ""远期结售汇""]"
300247,融捷健康,商品+外汇,家用电器,民企,1,2025-08-27,"[""其他"", ""场外衍生品"", ""外汇掉期"", ""期权"", ""期货"", ""美元"", ""货币互换"", ""远期结售汇""]"
300252,金信诺,商品+外汇,国防军工,民企,2,2026-04-28,"[""其他"", ""利率"", ""商品"", ""外汇掉期"", ""期权"", ""期货"", ""汇率"", ""美元"", ""货币"", ""货币互换"", ""远期结售汇"", ""铜"", ""锡""]"
300256,星星科技,外汇,汽车,民企,1,2025-12-09,"[""远期结售汇""]"
300258,精锻科技,外汇,汽车,民企,1,2025-04-19,"[""外汇掉期"", ""日元"", ""欧元"", ""美元"", ""远期结售汇""]"
300261,雅本化学,外汇,基础化工,外资,1,2025-01-25,"[""人民币"", ""利率互换"", ""外汇掉期"", ""外汇远期"", ""期权"", ""美元"", ""货币互换"", ""远期结售汇""]"
300263,隆华科技,商品+外汇,机械设备,民企,1,2025-08-28,"[""其他"", ""利率互换"", ""外汇掉期"", ""期权"", ""期货"", ""白银"", ""货币互换"", ""远期结售汇""]"
300265,通光线缆,商品,电力设备,民企,1,2025-04-19,"[""期货"", ""铜"", ""铝""]"
300267,尔康制药,商品+外汇,医药生物,民企,1,2024-11-29,"[""外汇远期"", ""期货"", ""美元"", ""远期结售汇""]"
300268,*ST佳沃,外汇,农林牧渔,其他,1,2025-11-18,"[""其他"", ""利率互换"", ""外汇掉期"", ""外汇期权"", ""期权"", ""美元"", ""远期结售汇""]"
300269,联建光电,外汇,电子,民企,1,2025-04-16,"[""其他"", ""利率互换"", ""场外衍生品"", ""外汇掉期"", ""外汇期权"", ""外汇期货"", ""外汇远期"", ""期权"", ""期货"", ""欧元"", ""美元"", ""货币互换"", ""远期结售汇""]"
300272,开能健康,外汇,家用电器,民企,1,2025-07-25,"[""其他"", ""利率互换"", ""外汇掉期"", ""外汇期权"", ""远期结售汇""]"
300274,阳光电源,外汇,电力设备,民企,1,2025-04-26,"[""其他"", ""外汇掉期"", ""期权"", ""欧元"", ""澳元"", ""美元"", ""远期结售汇""]"
300281,金明精机,商品+外汇,机械设备,地方国企,1,2025-06-10,"[""其他"", ""利率互换"", ""场外衍生品"", ""外汇掉期"", ""日元"", ""期权"", ""期货"", ""欧元"", ""美元"", ""远期结售汇""]"
300283,温州宏丰,商品+外汇,电力设备,民企,1,2025-12-09,"[""场外衍生品"", ""外汇远期"", ""期权"", ""期货"", ""白银"", ""铜""]"
300285,国瓷材料,外汇,电子,民企,1,2025-08-19,"[""利率互换"", ""外汇掉期"", ""外汇远期"", ""期权"", ""美元"", ""货币互换""]"
300293,蓝英装备,外汇,机械设备,民企,1,2025-04-25,"[""其他"", ""利率互换"", ""印度卢比"", ""场外衍生品"", ""外汇掉期"", ""捷克克朗"", ""期权"", ""欧元"", ""瑞士法郎"", ""美元"", ""英镑"", ""货币互换"", ""远期结售汇""]"
300304,云意电气,外汇,汽车,民企,1,2025-08-27,"[""其他"", ""外汇掉期"", ""外汇期权"", ""期权"", ""欧元"", ""美元"", ""货币互换"", ""远期结售汇""]"
300305,裕兴股份,外汇,基础化工,民企,1,2025-04-17,"[""其他"", ""利率互换"", ""利率掉期"", ""场外衍生品"", ""外汇掉期"", ""外汇期权"", ""期权"", ""欧元"", ""美元"", ""货币互换"", ""远期结售汇""]"
300308,中际旭创,外汇,通信,民企,1,2025-04-21,"[""其他"", ""利率互换"", ""外汇掉期"", ""外汇远期"", ""期权"", ""欧元"", ""美元"", ""货币互换""]"
300314,戴维医疗,外汇,医药生物,民企,1,2025-10-18,"[""其他"", ""利率互换"", ""外汇掉期"", ""期权"", ""美元"", ""货币互换"", ""远期结售汇""]"
300315,掌趣科技,外汇,传媒,民企,1,2025-09-24,"[""其他"", ""外汇掉期"", ""期权"", ""期货"", ""港币"", ""美元"", ""货币互换"", ""远期结售汇""]"
300318,博晖创新,外汇,医药生物,民企,1,2025-04-26,"[""其他"", ""利率互换"", ""场外衍生品"", ""外汇远期"", ""期权"", ""货币互换""]"
300321,同大股份,外汇,基础化工,地方国企,1,2025-04-22,"[""利率互换"", ""外汇掉期"", ""外汇远期"", ""期权"", ""美元"", ""货币互换"", ""远期结售汇""]"
300322,硕贝德,外汇,电子,民企,1,2026-03-28,"[""利率互换"", ""利率掉期"", ""外汇掉期"", ""外汇远期"", ""期权"", ""美元"", ""远期结售汇""]"
300328,宜安科技,商品+外汇,有色金属,地方国企,2,2025-10-14,"[""场外衍生品"", ""期权"", ""期货"", ""美元"", ""远期结售汇"", ""铝""]"
300335,迪森股份,商品+外汇,公用事业,外资,1,2025-10-30,"[""利率互换"", ""外汇掉期"", ""外汇期权"", ""期权"", ""期货"", ""欧元"", ""美元"", ""货币互换"", ""远期结售汇"", ""钢材"", ""铜""]"
300337,银邦股份,商品,有色金属,民企,1,2025-04-18,"[""期货"", ""铝"", ""铝锭""]"
300340,科恒股份,商品,电力设备,地方国企,1,2025-11-08,"[""期货"", ""碳酸锂"", ""钴"", ""镍""]"
300342,天银机电,外汇,家用电器,地方国企,1,2025-12-03,"[""利率互换"", ""外汇掉期"", ""期权"", ""远期结售汇""]"
300343,ST联创,外汇,基础化工,民企,1,2026-04-25,"[""利率互换"", ""外汇掉期"", ""日元"", ""期权"", ""欧元"", ""美元"", ""货币互换"", ""远期结售汇""]"
300346,南大光电,商品,电子,其他,1,2025-10-29,"[""期货"", ""镍""]"
300347,泰格医药,外汇,医药生物,民企,1,2025-08-29,"[""其他"", ""利率互换"", ""场外衍生品"", ""外汇掉期"", ""期权"", ""货币互换"", ""远期结售汇""]"
300349,金卡智能,外汇,机械设备,民企,1,2025-04-25,"[""其他"", ""场外衍生品"", ""外汇掉期"", ""外汇期权"", ""外汇远期"", ""期权"", ""欧元"", ""美元"", ""货币互换"", ""远期结售汇""]"
300350,华鹏飞,商品+外汇,交通运输,民企,1,2025-06-28,"[""其他"", ""利率互换"", ""场外衍生品"", ""外汇掉期"", ""期权"", ""期货"", ""远期结售汇""]"
300363,博腾股份,外汇,医药生物,民企,1,2025-08-23,"[""其他"", ""利率互换"", ""场外衍生品"", ""外汇掉期"", ""外汇远期"", ""期权"", ""远期结售汇""]"
300371,汇中股份,商品+外汇,机械设备,民企,1,2025-05-23,"[""场外衍生品"", ""期权"", ""期货""]"
300373,扬杰科技,外汇,电子,民企,1,2025-03-31,"[""其他"", ""外汇掉期"", ""外汇期权"", ""期权"", ""期货"", ""远期结售汇""]"
300376,ST易事特,外汇,电力设备,地方国企,1,2025-10-28,"[""其他"", ""外汇掉期"", ""外汇期权"", ""期权"", ""欧元"", ""美元"", ""远期结售汇""]"
300381,溢多利,外汇,医药生物,民企,1,2025-08-28,"[""其他"", ""外汇掉期"", ""期权"", ""美元"", ""远期结售汇""]"
300382,斯莱克,商品,机械设备,外资,1,2025-09-26,"[""互换"", ""场外衍生品"", ""期权"", ""期货"", ""远期""]"
300385,雪浪环境,外汇,环保,地方国企,1,2025-12-26,"[""其他"", ""利率互换"", ""外汇掉期"", ""外汇期权"", ""期权"", ""货币互换"", ""远期结售汇""]"
300387,富邦科技,外汇,基础化工,民企,1,2025-08-22,"[""其他"", ""外汇掉期"", ""期权"", ""期货"", ""远期结售汇""]"
300389,艾比森,商品+外汇,电子,民企,1,2025-11-28,"[""场外衍生品"", ""外汇掉期"", ""外汇远期"", ""期权"", ""期货"", ""欧元"", ""美元""]"
300390,天华新能,商品+外汇,电力设备,民企,2,2025-12-10,"[""其他"", ""外汇远期"", ""期权"", ""期货"", ""货币互换"", ""远期"", ""远期结售汇"", ""锂盐""]"
300393,中来股份,外汇,电力设备,地方国企,1,2025-04-26,"[""其他"", ""利率互换"", ""场外衍生品"", ""外汇掉期"", ""期权"", ""期货"", ""欧元"", ""美元"", ""货币互换"", ""远期结售汇""]"
300394,天孚通信,外汇,通信,民企,1,2025-10-30,"[""场外衍生品"", ""外汇掉期"", ""外汇期权"", ""日元"", ""泰铢"", ""美元"", ""远期结售汇""]"
300396,迪瑞医疗,外汇,医药生物,央企,1,2025-09-30,"[""其他""]"
300397,天和防务,外汇,国防军工,民企,1,2025-08-29,"[""其他"", ""利率互换"", ""外汇掉期"", ""外汇期权"", ""货币互换"", ""远期结售汇""]"
300398,飞凯材料,商品+外汇,电子,外资,1,2025-08-28,"[""其他"", ""场外衍生品"", ""期权"", ""期货""]"
300400,劲拓股份,外汇,机械设备,民企,1,2025-08-29,"[""其他"", ""场外衍生品"", ""外汇掉期"", ""期权"", ""欧元"", ""美元"", ""远期结售汇""]"
300403,汉宇集团,外汇,家用电器,民企,1,2025-08-16,"[""外汇掉期"", ""外汇期权"", ""期权"", ""欧元"", ""美元"", ""远期结售汇""]"
300412,迦南科技,商品+外汇,机械设备,民企,1,2025-04-19,"[""其他"", ""外汇掉期"", ""期权"", ""期货"", ""欧元"", ""美元"", ""货币互换"", ""远期结售汇"", ""钢材""]"
300415,伊之密,外汇,机械设备,外资,1,2025-10-29,"[""利率互换"", ""利率掉期"", ""场外衍生品"", ""外汇掉期"", ""外汇期权"", ""外汇远期"", ""期权"", ""美元"", ""货币互换"", ""远期结售汇""]"
300428,立中集团,商品+外汇,汽车,民企,2,2025-10-28,"[""其他"", ""场外衍生品"", ""日元"", ""期权"", ""期货"", ""欧元"", ""硅"", ""碳酸锂"", ""美元"", ""远期结售汇"", ""铜"", ""铝"", ""铝合金"", ""韩元""]"
300429,强力新材,外汇,电子,民企,1,2025-08-29,"[""其他"", ""利率互换"", ""场外衍生品"", ""外汇掉期"", ""日元"", ""期权"", ""美元"", ""货币互换"", ""远期结售汇""]"
300433,蓝思科技,外汇,电子,外资,1,2025-01-14,"[""外汇掉期"", ""外汇远期"", ""期权"", ""货币互换""]"
300437,清水源,外汇,环保,民企,1,2026-04-22,"[""欧元"", ""美元"", ""远期结售汇""]"
300438,鹏辉能源,商品,电力设备,民企,1,2026-01-12,"[""其他"", ""场外衍生品"", ""期权"", ""期货"", ""碳酸锂"", ""远期"", ""铜""]"
300444,双杰电气,商品,电力设备,民企,1,2025-12-25,"[""期货"", ""硅钢"", ""铜""]"
300445,康斯特,外汇,机械设备,民企,1,2025-10-24,"[""其他"", ""外汇掉期"", ""期权"", ""远期结售汇""]"
300447,全信股份,商品,国防军工,民企,1,2025-05-30,"[""塑料"", ""期权"", ""期货"", ""铜"", ""银"", ""锡"", ""镍""]"
300450,先导智能,外汇,电力设备,民企,1,2025-10-30,"[""其他"", ""外汇掉期"", ""外汇期权"", ""日元"", ""期权"", ""欧元"", ""美元"", ""远期结售汇""]"
300456,赛微电子,外汇,电子,民企,1,2025-07-17,"[""人民币"", ""其他"", ""利率互换"", ""外汇掉期"", ""期权"", ""欧元"", ""瑞典克朗"", ""美元"", ""货币互换"", ""远期结售汇""]"
300457,赢合科技,外汇,电力设备,地方国企,1,2025-03-29,"[""其他"", ""外汇掉期"", ""外汇远期"", ""期权"", ""欧元"", ""美元"", ""英镑""]"
300458,全志科技,外汇,电子,民企,1,2025-11-22,"[""其他"", ""利率互换"", ""外汇掉期"", ""期权"", ""美元"", ""远期结售汇""]"
300460,惠伦晶体,商品+外汇,电子,民企,1,2025-08-29,"[""利率互换"", ""外汇掉期"", ""外汇远期"", ""期权"", ""期货"", ""货币互换"", ""远期结售汇""]"
300462,ST华铭,外汇,计算机,民企,1,2025-08-28,"[""其他"", ""利率互换"", ""外汇掉期"", ""期权"", ""欧元"", ""港币"", ""美元"", ""远期结售汇""]"
300464,星徽股份,外汇,商贸零售,民企,1,2025-08-26,"[""外汇掉期"", ""外汇远期"", ""日元"", ""期权"", ""期货"", ""欧元"", ""美元""]"
300475,香农芯创,外汇,电子,民企,1,2026-04-24,"[""其他"", ""利率互换"", ""场外衍生品"", ""外汇掉期"", ""外汇远期"", ""期权"", ""港币"", ""美元"", ""货币互换"", ""货币掉期"", ""远期结售汇""]"
300476,胜宏科技,外汇,电子,民企,1,2025-07-30,"[""其他"", ""利率互换"", ""外汇掉期"", ""外汇远期"", ""期权"", ""美元"", ""货币互换"", ""远期结售汇""]"
300478,杭州高新,商品,基础化工,民企,1,2025-04-25,"[""PE树脂"", ""PVC"", ""期货""]"
300482,万孚生物,外汇,医药生物,民企,1,2025-10-27,"[""场外衍生品"", ""外汇掉期"", ""外汇远期"", ""期权"", ""美元"", ""货币互换"", ""远期结售汇""]"
300484,蓝海华腾,外汇,机械设备,民企,1,2025-10-29,"[""利率互换"", ""外汇掉期"", ""期权"", ""期货"", ""远期结售汇""]"
300487,蓝晓科技,外汇,基础化工,民企,1,2025-08-20,"[""其他"", ""利率互换"", ""场外衍生品"", ""外汇掉期"", ""外汇期权"", ""外汇期货"", ""外汇远期"", ""期权"", ""期货"", ""美元"", ""货币互换"", ""远期结售汇""]"
300489,光智科技,商品,电子,民企,1,2025-07-30,"[""期权"", ""期货"", ""白银"", ""金"", ""钯"", ""铂"", ""铝"", ""银"", ""黄金""]"
300490,华自科技,商品+外汇,电力设备,民企,2,2025-04-21,"[""储能电芯"", ""利率互换"", ""卢布"", ""场外衍生品"", ""外汇掉期"", ""期权"", ""期货"", ""欧元"", ""热扎卷板"", ""碳酸锂"", ""美元"", ""货币互换"", ""远期结售汇"", ""钢材"", ""铜""]"
300491,通合科技,外汇,电力设备,民企,1,2026-03-26,"[""其他"", ""利率互换"", ""外汇掉期"", ""期权"", ""货币互换"", ""远期结售汇""]"
300493,润欣科技,外汇,电子,外资,1,2025-10-28,"[""其他"", ""场外衍生品"", ""外汇掉期"", ""期权"", ""期货"", ""美元"", ""远期结售汇""]"
300496,中科创达,外汇,计算机,民企,1,2025-08-27,"[""其他"", ""利率互换"", ""外汇掉期"", ""外汇远期"", ""期权"", ""货币互换"", ""远期结售汇""]"
300497,富祥药业,外汇,医药生物,民企,1,2025-06-28,"[""其他"", ""利率互换"", ""外汇掉期"", ""外汇远期"", ""期权"", ""欧元"", ""美元"", ""远期结售汇""]"
300498,温氏股份,商品+外汇,农林牧渔,民企,1,2025-04-24,"[""其他"", ""利率互换"", ""外汇掉期"", ""期权"", ""期货"", ""玉米"", ""生猪"", ""美元"", ""豆粕"", ""货币互换"", ""远期结售汇""]"
300502,新易盛,外汇,通信,民企,1,2025-08-26,"[""其他"", ""外汇掉期"", ""日元"", ""美元"", ""远期结售汇""]"
300505,川金诺,商品+外汇,基础化工,民企,1,2025-09-10,"[""场外衍生品"", ""期权"", ""期货"", ""远期结售汇""]"
300509,新美星,外汇,机械设备,民企,1,2025-11-29,"[""其他"", ""利率互换"", ""场外衍生品"", ""外汇掉期"", ""外汇远期"", ""期权"", ""欧元"", ""美元"", ""远期结售汇""]"
300529,健帆生物,外汇,医药生物,民企,1,2025-11-25,"[""其他"", ""利率互换"", ""场外衍生品"", ""外汇掉期"", ""期权"", ""期货"", ""欧元"", ""美元"", ""远期结售汇""]"
300531,优博讯,外汇,计算机,外资,1,2026-04-28,"[""其他"", ""利率互换"", ""场外衍生品"", ""外汇掉期"", ""外汇远期"", ""期权"", ""美元"", ""货币互换"", ""远期结售汇""]"
300538,同益股份,外汇,基础化工,民企,1,2025-08-27,"[""其他"", ""利率互换"", ""外汇掉期"", ""期权"", ""期货"", ""欧元"", ""美元"", ""远期结售汇""]"
300539,横河精密,外汇,基础化工,民企,1,2025-04-22,"[""其他"", ""利率互换"", ""外汇掉期"", ""外汇期权"", ""期权"", ""美元"", ""远期结售汇""]"
300543,朗科智能,外汇,电子,民企,1,2025-06-11,"[""利率互换"", ""场外衍生品"", ""外汇掉期"", ""外汇远期"", ""期权"", ""港元"", ""货币互换""]"
300546,雄帝科技,外汇,计算机,民企,1,2025-08-29,"[""其他"", ""利率互换"", ""利率掉期"", ""利率期权"", ""外汇掉期"", ""外汇期权"", ""外汇远期"", ""期权"", ""欧元"", ""美元"", ""远期结售汇""]"
300548,长芯博创,外汇,通信,其他,1,2025-10-30,"[""利率互换"", ""外汇掉期"", ""外汇远期"", ""期权"", ""期货""]"
300559,佳发教育,商品,计算机,民企,1,2025-12-10,"[""其他"", ""利率"", ""商品"", ""场外衍生品"", ""期货""]"
300562,乐心医疗,商品+外汇,医药生物,民企,1,2025-05-24,"[""其他"", ""利率互换"", ""场外衍生品"", ""外汇掉期"", ""外汇期权"", ""期权"", ""期货"", ""美元"", ""远期结售汇""]"
300563,神宇股份,商品,通信,民企,1,2025-10-25,"[""期权"", ""期货"", ""铜"", ""铝"", ""银"", ""锡""]"
300565,科信技术,商品+外汇,通信,民企,1,2025-08-22,"[""其他"", ""利率互换"", ""利率掉期"", ""利率期权"", ""场外衍生品"", ""外汇互换"", ""外汇掉期"", ""外汇期权"", ""期权"", ""期货"", ""碳酸锂"", ""货币互换"", ""货币掉期"", ""远期结售汇"", ""钢材""]"
300566,激智科技,外汇,电子,民企,1,2025-06-07,"[""其他"", ""利率互换"", ""场外衍生品"", ""外汇掉期"", ""外汇期权"", ""外汇远期"", ""期权"", ""期货"", ""欧元"", ""美元"", ""货币互换"", ""远期结售汇""]"
300567,精测电子,商品+外汇,机械设备,民企,1,2025-11-26,"[""利率互换"", ""场外衍生品"", ""外汇掉期"", ""外汇远期"", ""期权"", ""期货"", ""货币互换"", ""远期结售汇""]"
300568,星源材质,外汇,电力设备,民企,1,2025-04-11,"[""外汇远期"", ""欧元"", ""美元"", ""货币互换"", ""远期结售汇""]"
300569,天能重工,外汇,电力设备,地方国企,1,2025-08-23,"[""其他"", ""利率互换"", ""外汇掉期"", ""外汇期权"", ""期权"", ""欧元"", ""美元"", ""货币互换"", ""远期结售汇""]"
300575,中旗股份,外汇,基础化工,民企,1,2025-03-31,"[""其他"", ""场外衍生品"", ""外汇掉期"", ""期权"", ""美元"", ""远期结售汇""]"
300577,开润股份,外汇,纺织服饰,民企,1,2024-12-07,"[""印尼盾"", ""印度卢比"", ""期权"", ""欧元"", ""港币"", ""美元"", ""远期结售汇""]"
300582,英飞特,商品+外汇,电子,外资,2,2025-04-26,"[""利率互换"", ""场外衍生品"", ""外汇掉期"", ""外汇远期"", ""期权"", ""期货"", ""货币互换"", ""远期结售汇"", ""铜"", ""铝"", ""锡""]"
300587,天铁科技,商品,基础化工,民企,1,2025-09-13,"[""期货""]"
300589,江龙船艇,外汇,国防军工,民企,1,2025-08-22,"[""其他"", ""场外衍生品"", ""外汇掉期"", ""外汇远期"", ""期权"", ""期货"", ""欧元"", ""港币"", ""美元"", ""远期结售汇""]"
300590,移为通信,外汇,通信,民企,1,2025-04-25,"[""其他"", ""利率互换"", ""场外衍生品"", ""外汇掉期"", ""期权"", ""美元"", ""远期结售汇""]"
300592,华凯易佰,商品+外汇,商贸零售,民企,1,2025-10-24,"[""互换"", ""场外衍生品"", ""外汇期权"", ""期权"", ""期货"", ""远期"", ""远期结售汇""]"
300593,新雷能,外汇,电力设备,民企,1,2025-08-19,"[""其他"", ""利率互换"", ""外汇掉期"", ""期权"", ""远期结售汇""]"
300596,利安隆,外汇,基础化工,民企,1,2025-04-22,"[""其他"", ""利率"", ""利率互换"", ""外汇掉期"", ""外汇期权"", ""期权"", ""期货"", ""汇率"", ""货币"", ""货币互换"", ""远期结售汇""]"
300599,雄塑科技,商品,建筑材料,民企,1,2025-09-26,"[""期货""]"
300602,飞荣达,外汇,电子,民企,1,2025-10-29,"[""其他"", ""利率互换"", ""场外衍生品"", ""外汇掉期"", ""外汇远期"", ""期权"", ""远期结售汇""]"
300606,金太阳,商品+外汇,机械设备,外资,1,2025-11-13,"[""外汇掉期"", ""期权"", ""期货"", ""远期结售汇""]"
300607,拓斯达,外汇,机械设备,民企,1,2025-05-30,"[""利率互换"", ""外汇掉期"", ""外汇期权"", ""期权"", ""美元"", ""货币互换"", ""远期结售汇""]"
300611,美力科技,商品+外汇,汽车,民企,1,2025-12-16,"[""利率互换"", ""外汇远期"", ""期权"", ""期货"", ""货币互换""]"
300613,富瀚微,外汇,电子,民企,1,2025-10-30,"[""利率互换"", ""场外衍生品"", ""外汇掉期"", ""期权"", ""货币互换"", ""远期结售汇""]"
300616,尚品宅配,商品+外汇,轻工制造,民企,2,2025-10-29,"[""其他"", ""利率互换"", ""场外衍生品"", ""外汇掉期"", ""外汇远期"", ""期权"", ""期货"", ""货币互换"", ""远期结售汇""]"
300617,安靠智电,商品,电力设备,民企,1,2025-04-21,"[""不锈钢"", ""期权"", ""期货"", ""铜"", ""铝"", ""锡""]"
300618,寒锐钴业,商品+外汇,有色金属,民企,1,2025-11-06,"[""利率互换"", ""外汇掉期"", ""期权"", ""期货"", ""货币互换"", ""远期结售汇"", ""钴"", ""铜"", ""镍""]"
300619,金银河,商品,电力设备,民企,1,2025-08-12,"[""其他"", ""场外衍生品"", ""期权"", ""期货"", ""碳酸锂"", ""远期""]"
300624,万兴科技,外汇,计算机,民企,1,2025-08-29,"[""其他"", ""利率互换"", ""外汇掉期"", ""期权"", ""远期结售汇""]"
300627,华测导航,外汇,通信,民企,1,2025-08-08,"[""其他"", ""利率互换"", ""外汇掉期"", ""期权"", ""欧元"", ""美元"", ""货币互换"", ""远期结售汇""]"
300628,亿联网络,外汇,通信,民企,1,2025-04-21,"[""利率互换"", ""外汇掉期"", ""外汇远期"", ""期权"", ""美元""]"
300629,新劲刚,外汇,国防军工,民企,1,2025-08-01,"[""远期结售汇""]"
300632,光莆股份,商品+外汇,电子,民企,2,2025-12-10,"[""其他"", ""利率互换"", ""利率掉期"", ""外汇掉期"", ""外汇期权"", ""外汇远期"", ""期权"", ""期货"", ""热轧卷板"", ""纸浆"", ""货币互换"", ""铜"", ""铝""]"
300633,开立医疗,外汇,医药生物,民企,1,2025-04-12,"[""其他"", ""利率互换"", ""外汇掉期"", ""外汇远期"", ""期权"", ""货币互换"", ""远期结售汇""]"
300636,同和药业,外汇,医药生物,外资,1,2025-10-25,"[""利率互换"", ""外汇掉期"", ""外汇期权"", ""外汇远期"", ""期权"", ""美元"", ""货币互换"", ""远期结售汇""]"
300638,广和通,外汇,通信,民企,1,2025-11-29,"[""其他"", ""利率互换"", ""利率掉期"", ""利率期权"", ""场外衍生品"", ""外汇掉期"", ""外汇期权"", ""期权"", ""欧元"", ""港币"", ""美元"", ""货币互换"", ""远期结售汇""]"
300640,德艺文创,外汇,轻工制造,民企,1,2025-11-01,"[""外汇掉期"", ""远期结售汇""]"
300641,正丹股份,外汇,基础化工,民企,1,2025-08-01,"[""其他"", ""利率互换"", ""外汇掉期"", ""期权"", ""美元"", ""远期结售汇""]"
300643,万通智控,外汇,汽车,民企,1,2025-04-23,"[""其他"", ""利率互换"", ""场外衍生品"", ""外汇掉期"", ""外汇期权"", ""捷克克朗"", ""期权"", ""欧元"", ""泰铢"", ""港币"", ""美元"", ""远期结售汇""]"
300647,超频三,商品+外汇,电子,民企,1,2025-10-30,"[""场外衍生品"", ""期权"", ""期货"", ""碳酸锂"", ""铜"", ""铝""]"
300648,星云股份,外汇,电力设备,民企,1,2025-04-23,"[""其他"", ""利率互换"", ""外汇掉期"", ""外汇远期"", ""期权"", ""美元"", ""货币互换"", ""远期结售汇""]"
300655,晶瑞电材,外汇,电子,外资,1,2025-12-13,"[""其他"", ""利率互换"", ""利率掉期"", ""场外衍生品"", ""外汇掉期"", ""外汇期权"", ""日元"", ""期权"", ""港币"", ""美元"", ""远期结售汇""]"
300658,延江股份,外汇,美容护理,民企,1,2025-04-21,"[""外汇掉期"", ""外汇远期"", ""期权"", ""美元"", ""远期结售汇""]"
300660,江苏雷利,商品+外汇,电力设备,民企,2,2025-04-23,"[""利率互换"", ""外汇掉期"", ""外汇远期"", ""期权"", ""期货"", ""欧元"", ""港币"", ""美元"", ""远期结售汇"", ""铜"", ""铝""]"
300661,圣邦股份,外汇,电子,民企,1,2025-08-29,"[""利率互换"", ""外汇掉期"", ""期权"", ""美元"", ""远期结售汇""]"
300662,科锐国际,外汇,社会服务,民企,1,2025-08-28,"[""场外衍生品"", ""外汇掉期"", ""期权"", ""美元"", ""英镑"", ""远期结售汇""]"
300669,沪宁股份,商品+外汇,机械设备,民企,1,2025-08-27,"[""其他"", ""利率互换"", ""外汇掉期"", ""外汇远期"", ""期权"", ""期货"", ""货币互换""]"
300672,国科微,外汇,电子,民企,1,2025-12-13,"[""其他"", ""利率互换"", ""外汇掉期"", ""期权"", ""远期结售汇""]"
300673,佩蒂股份,商品+外汇,农林牧渔,民企,1,2025-10-28,"[""其他"", ""外汇掉期"", ""新西兰元"", ""期权"", ""期货"", ""欧元"", ""美元"", ""越南盾"", ""远期结售汇""]"
300676,华大基因,商品+外汇,医药生物,民企,1,2026-04-25,"[""场外衍生品"", ""外汇掉期"", ""外汇期权"", ""外汇远期"", ""期权"", ""期货"", ""欧元"", ""港币"", ""澳元"", ""美元"", ""远期结售汇""]"
300677,英科医疗,外汇,医药生物,民企,1,2026-04-24,"[""其他"", ""利率互换"", ""场外衍生品"", ""外汇掉期"", ""期权"", ""欧元"", ""美元"", ""远期结售汇""]"
300679,电连技术,商品+外汇,电子,民企,1,2025-08-07,"[""其他"", ""利率互换"", ""外汇掉期"", ""外汇期权"", ""期权"", ""期货"", ""远期结售汇""]"
300682,朗新集团,外汇,计算机,民企,1,2025-04-22,"[""其他"", ""外汇掉期"", ""期权"", ""美元"", ""货币互换"", ""远期结售汇""]"
300684,中石科技,外汇,电子,外资,1,2025-10-30,"[""其他"", ""利率互换"", ""场外衍生品"", ""外汇掉期"", ""外汇期权"", ""外汇远期"", ""期权"", ""远期结售汇""]"
300686,智动力,外汇,电子,民企,1,2025-07-18,"[""其他"", ""利率互换"", ""外汇掉期"", ""外汇远期"", ""期权""]"
300689,澄天伟业,商品+外汇,通信,民企,1,2025-12-04,"[""利率互换"", ""利率掉期"", ""利率期权"", ""外汇掉期"", ""外汇期权"", ""期权"", ""期货"", ""欧元"", ""美元"", ""聚氯乙烯(PVC)"", ""聚氯乙烯（PVC）"", ""货币互换"", ""远期结售汇"", ""铜"", ""银"", ""锌"", ""黄金""]"
300691,联合光电,外汇,计算机,民企,1,2025-04-21,"[""外汇掉期"", ""美元"", ""远期结售汇""]"
300693,盛弘股份,外汇,电力设备,民企,1,2025-04-25,"[""其他"", ""利率互换"", ""外汇掉期"", ""期权"", ""欧元"", ""美元"", ""货币互换"", ""远期结售汇""]"
300694,蠡湖股份,商品+外汇,汽车,地方国企,1,2025-08-07,"[""其他"", ""利率互换"", ""利率掉期"", ""利率期权"", ""外汇掉期"", ""外汇期权"", ""期权"", ""期货"", ""欧元"", ""美元"", ""远期结售汇"", ""铝"", ""镍""]"
300695,兆丰股份,外汇,汽车,民企,1,2025-08-28,"[""其他"", ""外汇掉期"", ""期权"", ""期货"", ""美元"", ""货币互换"", ""远期结售汇""]"
300697,电工合金,商品+外汇,有色金属,地方国企,2,2025-08-23,"[""其他"", ""场外衍生品"", ""外汇掉期"", ""外汇期权"", ""期权"", ""期货"", ""货币互换"", ""远期结售汇"", ""铜"", ""铝"", ""银""]"
300699,光威复材,外汇,国防军工,民企,1,2025-08-19,"[""外汇掉期"", ""外汇期权"", ""远期结售汇""]"
300702,天宇股份,外汇,医药生物,民企,1,2026-04-24,"[""其他"", ""场外衍生品"", ""外汇掉期"", ""期权"", ""期货"", ""欧元"", ""美元"", ""远期结售汇""]"
300703,创源股份,外汇,轻工制造,地方国企,1,2025-08-27,"[""其他"", ""场外衍生品"", ""外汇掉期"", ""外汇远期"", ""期权"", ""美元"", ""货币互换"", ""远期结售汇""]"
300706,阿石创,商品,电子,民企,1,2025-04-28,"[""期货"", ""金"", ""铜"", ""铟"", ""银""]"
300707,威唐工业,外汇,汽车,民企,1,2025-10-15,"[""其他"", ""利率互换"", ""外汇掉期"", ""期权"", ""货币互换"", ""远期结售汇""]"
300708,聚灿光电,外汇,电子,民企,1,2025-11-11,"[""外汇掉期"", ""远期结售汇""]"
300709,精研科技,外汇,电子,民企,1,2025-11-25,"[""其他"", ""场外衍生品"", ""外汇掉期"", ""期权"", ""美元"", ""远期结售汇""]"
300710,万隆光电,外汇,通信,民企,1,2025-12-13,"[""利率互换"", ""外汇掉期"", ""期权"", ""期货"", ""美元"", ""远期结售汇""]"
300712,永福股份,商品+外汇,建筑装饰,民企,1,2025-11-27,"[""其他"", ""利率互换"", ""外汇掉期"", ""期权"", ""期货"", ""美元"", ""货币互换"", ""远期"", ""远期结售汇""]"
300715,凯伦股份,商品+外汇,建筑材料,民企,2,2025-08-26,"[""利率互换"", ""外汇掉期"", ""期权"", ""期货"", ""橡胶"", ""沥青"", ""货币互换"", ""远期结售汇""]"
300718,长盛轴承,外汇,机械设备,民企,1,2025-10-28,"[""其他"", ""外汇掉期"", ""期权"", ""远期结售汇""]"
300720,海川智能,商品+外汇,机械设备,民企,1,2025-12-24,"[""其他"", ""外汇掉期"", ""期权"", ""期货"", ""远期结售汇""]"
300721,怡达股份,外汇,基础化工,民企,1,2025-08-27,"[""其他"", ""利率互换"", ""外汇掉期"", ""外汇期权"", ""货币互换"", ""远期结售汇""]"
300723,一品红,其他,医药生物,民企,1,2025-10-30,"[""场外衍生品""]"
300724,捷佳伟创,外汇,电力设备,民企,1,2025-12-12,"[""其他"", ""场外衍生品"", ""外汇掉期"", ""外汇期权"", ""期权"", ""远期结售汇""]"
300725,药石科技,外汇,医药生物,民企,1,2025-04-25,"[""其他"", ""利率互换"", ""外汇掉期"", ""外汇期权"", ""期权"", ""美元"", ""远期结售汇""]"
300727,润禾材料,外汇,基础化工,民企,1,2025-11-22,"[""其他"", ""利率互换"", ""利率掉期"", ""外汇掉期"", ""外汇期权"", ""期权"", ""欧元"", ""美元"", ""货币互换"", ""远期结售汇""]"
300729,乐歌股份,外汇,轻工制造,民企,1,2025-04-21,"[""其他"", ""场外衍生品"", ""外汇掉期"", ""外汇期权"", ""日元"", ""期权"", ""欧元"", ""美元"", ""远期结售汇""]"
300735,光弘科技,外汇,电子,外资,1,2025-04-29,"[""人民币"", ""卢比"", ""塔卡"", ""外汇掉期"", ""外汇远期"", ""日元"", ""欧元"", ""港元"", ""美元"", ""越南盾""]"
300737,科顺股份,商品,建筑材料,民企,1,2025-08-29,"[""场外衍生品"", ""塑料粒子"", ""期权"", ""期货"", ""橡胶"", ""沥青"", ""热卷""]"
300738,奥飞数据,外汇,通信,民企,1,2025-08-27,"[""其他"", ""外汇掉期"", ""远期结售汇""]"
300739,明阳电路,外汇,电子,外资,1,2025-12-17,"[""其他"", ""外汇掉期"", ""外汇期权"", ""期权"", ""美元"", ""远期结售汇""]"
300740,水羊股份,外汇,美容护理,民企,2,2025-04-29,"[""远期结售汇""]"
300743,天地数码,外汇,计算机,民企,1,2025-11-26,"[""其他"", ""利率互换"", ""场外衍生品"", ""外汇掉期"", ""期权"", ""美元"", ""远期结售汇""]"
300745,欣锐科技,外汇,汽车,民企,1,2025-10-14,"[""利率互换"", ""外汇掉期"", ""期权"", ""远期结售汇""]"
300748,金力永磁,外汇,有色金属,外资,1,2025-08-20,"[""利率互换"", ""外汇掉期"", ""外汇远期"", ""期权"", ""期货"", ""货币互换"", ""远期结售汇""]"
300750,宁德时代,商品+外汇,电力设备,外资,1,2026-03-10,"[""其他"", ""利率互换"", ""利率掉期"", ""利率期权"", ""加元"", ""场外衍生品"", ""外汇掉期"", ""外汇期权"", ""日元"", ""期权"", ""期货"", ""欧元"", ""烧碱"", ""美元"", ""货币互换"", ""远期结售汇"", ""钴"", ""铜"", ""铝"", ""锂"", ""镍""]"
300751,迈为股份,外汇,电力设备,民企,1,2025-10-29,"[""其他"", ""利率互换"", ""场外衍生品"", ""外汇掉期"", ""日元"", ""期权"", ""欧元"", ""美元"", ""远期结售汇""]"
300752,隆利科技,外汇,电子,民企,1,2025-08-22,"[""其他"", ""利率互换"", ""外汇掉期"", ""期权"", ""远期结售汇""]"
300755,华致酒行,商品+外汇,商贸零售,外资,1,2025-08-20,"[""其他"", ""期权"", ""期货""]"
300757,罗博特科,外汇,机械设备,民企,1,2025-08-28,"[""其他"", ""利率互换"", ""利率掉期"", ""利率期权"", ""外汇掉期"", ""外汇期权"", ""期权"", ""远期结售汇""]"
300758,七彩化学,商品+外汇,基础化工,民企,1,2025-08-26,"[""其他"", ""场外衍生品"", ""外汇远期"", ""期权"", ""期货""]"
300759,康龙化成,外汇,医药生物,外资,1,2026-03-31,"[""其他"", ""场外衍生品"", ""外汇掉期"", ""外汇远期"", ""期权"", ""美元"", ""远期结售汇""]"
300760,迈瑞医疗,商品+外汇,医药生物,外资,1,2025-10-15,"[""其他"", ""利率互换"", ""场外衍生品"", ""外汇掉期"", ""外汇远期"", ""期权"", ""期货"", ""货币互换""]"
300761,立华股份,商品,农林牧渔,民企,1,2025-08-19,"[""期权"", ""期货"", ""玉米"", ""生猪"", ""豆粕""]"
300763,锦浪科技,外汇,电力设备,民企,1,2025-11-08,"[""其他"", ""利率互换"", ""场外衍生品"", ""外汇掉期"", ""外汇远期"", ""期权"", ""欧元"", ""美元"", ""英镑"", ""货币互换"", ""远期结售汇""]"
300769,德方纳米,商品+外汇,电力设备,民企,1,2025-06-10,"[""利率互换"", ""利率掉期"", ""利率期权"", ""外汇掉期"", ""外汇期权"", ""期权"", ""期货"", ""欧元"", ""美元"", ""货币互换"", ""货币掉期"", ""远期结售汇"", ""锂盐""]"
300771,智莱科技,商品+外汇,计算机,民企,2,2025-12-03,"[""其他"", ""利率互换"", ""利率掉期"", ""利率期权"", ""外汇掉期"", ""外汇期权"", ""期权"", ""期货"", ""热轧卷板"", ""货币互换"", ""远期结售汇""]"
300772,运达股份,外汇,电力设备,地方国企,1,2025-06-06,"[""外汇掉期"", ""外汇远期"", ""欧元"", ""美元"", ""货币互换"", ""远期结售汇""]"
300782,卓胜微,商品+外汇,电子,外资,1,2025-07-01,"[""场外衍生品"", ""外汇掉期"", ""外汇远期"", ""期权"", ""期货""]"
300787,海能实业,外汇,电子,民企,1,2025-04-24,"[""美元"", ""远期结售汇""]"
300791,仙乐健康,外汇,食品饮料,民企,1,2025-04-18,"[""利率互换"", ""外汇掉期"", ""期权"", ""货币互换"", ""远期结售汇""]"
300792,壹网壹创,外汇,商贸零售,民企,1,2025-01-17,"[""外汇掉期""]"
300793,佳禾智能,外汇,电子,民企,1,2024-12-24,"[""外汇掉期"", ""期权"", ""美元"", ""货币互换"", ""远期结售汇""]"
300795,米奥会展,商品+外汇,社会服务,民企,1,2025-06-17,"[""利率互换"", ""场外衍生品"", ""外汇掉期"", ""外汇期权"", ""外汇远期"", ""期权"", ""期货"", ""美元"", ""货币互换"", ""远期结售汇"", ""迪拉姆"", ""阿联酋迪拉姆""]"
300796,贝斯美,外汇,基础化工,民企,1,2025-08-13,"[""外汇掉期"", ""外汇远期"", ""期权"", ""美元"", ""远期结售汇""]"
300802,矩子科技,商品+外汇,机械设备,民企,1,2025-10-21,"[""其他"", ""利率互换"", ""场外衍生品"", ""外汇掉期"", ""外汇远期"", ""期权"", ""期货"", ""美元"", ""货币互换"", ""远期结售汇""]"
300804,广康生化,外汇,基础化工,民企,1,2025-08-22,"[""其他"", ""利率互换"", ""外汇掉期"", ""期权"", ""美元"", ""远期结售汇""]"
300808,久量股份,外汇,电子,地方国企,1,2025-08-27,"[""利率互换"", ""外汇掉期"", ""期权"", ""期货"", ""美元"", ""货币互换"", ""远期结售汇""]"
300809,华辰装备,外汇,机械设备,民企,1,2025-04-24,"[""日元"", ""欧元"", ""美元"", ""远期结售汇""]"
300814,中富电路,外汇,电子,外资,1,2025-08-29,"[""其他"", ""利率互换"", ""利率掉期"", ""外汇掉期"", ""外汇期权"", ""期权"", ""泰铢"", ""美元"", ""货币互换"", ""远期结售汇""]"
300815,玉禾田,外汇,环保,民企,1,2025-10-30,"[""其他"", ""利率互换"", ""利率掉期"", ""利率期权"", ""场外衍生品"", ""外汇掉期"", ""外汇期权"", ""日元"", ""期权"", ""期货"", ""欧元"", ""美元"", ""货币互换"", ""远期结售汇""]"
300816,艾可蓝,商品+外汇,汽车,民企,1,2025-08-29,"[""利率互换"", ""外汇掉期"", ""外汇远期"", ""期权"", ""期货"", ""货币互换"", ""远期结售汇""]"
300818,耐普矿机,外汇,机械设备,民企,1,2025-06-25,"[""利率互换"", ""场外衍生品"", ""外汇掉期"", ""外汇期权"", ""美元"", ""货币互换"", ""远期结售汇""]"
300819,聚杰微纤,商品+外汇,纺织服饰,民企,1,2025-08-29,"[""其他"", ""利率互换"", ""场外衍生品"", ""外汇掉期"", ""期权"", ""期货"", ""欧元"", ""美元"", ""远期结售汇""]"
300820,英杰电气,外汇,电力设备,民企,1,2025-12-04,"[""其他"", ""利率互换"", ""利率掉期"", ""利率期权"", ""场外衍生品"", ""外汇掉期"", ""外汇期权"", ""期权"", ""欧元"", ""美元"", ""货币互换"", ""远期结售汇""]"
300821,东岳硅材,商品,基础化工,民企,1,2025-09-27,"[""期货""]"
300822,贝仕达克,外汇,电子,民企,1,2025-08-22,"[""利率互换"", ""利率掉期"", ""利率期权"", ""场外衍生品"", ""外汇掉期"", ""外汇期权"", ""远期结售汇""]"
300824,北鼎股份,外汇,家用电器,外资,1,2025-08-08,"[""其他"", ""利率互换"", ""外汇掉期"", ""期权"", ""美元"", ""货币互换"", ""远期结售汇""]"
300827,上能电气,外汇,电力设备,民企,1,2025-08-28,"[""其他"", ""利率互换"", ""外汇掉期"", ""外汇远期"", ""期权"", ""欧元"", ""美元"", ""远期结售汇""]"
300828,锐新科技,商品,机械设备,地方国企,1,2025-11-06,"[""期货"", ""铜"", ""铝""]"
300829,金丹科技,商品+外汇,基础化工,民企,2,2025-10-28,"[""PTA"", ""其他"", ""利率互换"", ""动力煤"", ""场外衍生品"", ""外汇掉期"", ""外汇远期"", ""大豆"", ""小麦"", ""期权"", ""期货"", ""欧元"", ""欧线集运"", ""淀粉"", ""焦煤"", ""玉米"", ""美元"", ""豆粕"", ""远期结售汇""]"
300832,新产业,外汇,医药生物,民企,1,2025-08-26,"[""其他"", ""外汇掉期"", ""欧元"", ""美元"", ""远期结售汇""]"
300833,浩洋股份,外汇,机械设备,民企,1,2025-12-03,"[""其他"", ""场外衍生品"", ""外汇掉期"", ""期权"", ""欧元"", ""美元"", ""货币互换"", ""远期结售汇""]"
300834,星辉环材,商品,基础化工,外资,1,2025-10-30,"[""期货"", ""苯乙烯""]"
300838,浙江力诺,外汇,机械设备,民企,1,2025-06-26,"[""远期结售汇""]"
300839,博汇股份,商品+外汇,石油石化,民企,2,2025-12-09,"[""其他"", ""利率互换"", ""外汇掉期"", ""外汇远期"", ""布伦特原油"", ""期权"", ""期货"", ""沥青"", ""燃料油"", ""美元"", ""货币互换"", ""远期结售汇""]"
300842,帝科股份,商品+外汇,电力设备,民企,1,2025-10-29,"[""外汇掉期"", ""外汇期权"", ""外汇远期"", ""日元"", ""期权"", ""期货"", ""欧元"", ""白银"", ""美元"", ""远期结售汇""]"
300843,胜蓝股份,商品,电子,民企,1,2025-07-04,"[""期货""]"
300848,美瑞新材,商品+外汇,基础化工,民企,1,2025-04-22,"[""其他"", ""场外衍生品"", ""外汇远期"", ""期权"", ""期货"", ""欧元"", ""美元"", ""远期结售汇""]"
300849,锦盛新材,商品+外汇,美容护理,民企,1,2025-08-26,"[""利率互换"", ""外汇掉期"", ""外汇远期"", ""期权"", ""期货"", ""美元"", ""货币互换"", ""远期结售汇""]"
300852,四会富仕,外汇,电子,民企,1,2026-03-31,"[""其他"", ""外汇掉期"", ""外汇远期"", ""期权"", ""美元""]"
300856,科思股份,外汇,美容护理,民企,1,2026-04-23,"[""远期结售汇""]"
300857,协创数据,外汇,计算机,外资,1,2025-06-13,"[""其他"", ""利率互换"", ""场外衍生品"", ""外汇掉期"", ""期权"", ""欧元"", ""泰铢"", ""港币"", ""美元"", ""货币互换"", ""远期结售汇""]"
300861,美畅股份,外汇,机械设备,民企,1,2025-04-25,"[""外汇掉期"", ""期权"", ""美元"", ""远期结售汇""]"
300866,安克创新,外汇,电子,民企,1,2025-07-01,"[""其他"", ""利率互换"", ""场外衍生品"", ""外汇掉期"", ""日元"", ""期权"", ""欧元"", ""美元"", ""货币互换"", ""远期结售汇""]"
300868,杰美特,外汇,电子,民企,1,2025-07-19,"[""利率互换"", ""外汇掉期"", ""期权"", ""货币互换"", ""远期结售汇""]"
300870,欧陆通,外汇,电力设备,民企,1,2025-04-22,"[""场外衍生品"", ""外汇掉期"", ""外汇期权"", ""期权"", ""美元"", ""远期结售汇""]"
300871,回盛生物,其他,农林牧渔,民企,1,2025-10-01,"[""场外衍生品""]"
300873,海晨股份,外汇,交通运输,民企,1,2026-04-23,"[""其他"", ""场外衍生品"", ""外汇掉期"", ""外汇期权"", ""外汇期货"", ""期权"", ""期货"", ""港币"", ""美元"", ""货币互换"", ""远期结售汇""]"
300876,蒙泰高新,外汇,基础化工,民企,1,2025-05-31,"[""其他"", ""场外衍生品"", ""外汇掉期"", ""外汇期权"", ""期权"", ""欧元"", ""美元"", ""货币互换"", ""远期结售汇""]"
300877,金春股份,商品,纺织服饰,民企,1,2025-10-25,"[""期权"", ""期货"", ""木浆"", ""涤纶短纤""]"
300879,大叶股份,外汇,机械设备,外资,1,2025-10-30,"[""其他"", ""利率互换"", ""外汇掉期"", ""外汇远期"", ""期权"", ""美元"", ""货币互换"", ""远期结售汇""]"
300886,华业香料,外汇,基础化工,民企,1,2025-10-23,"[""期权"", ""美元"", ""远期结售汇""]"
300888,稳健医疗,外汇,美容护理,外资,1,2025-08-22,"[""场外衍生品"", ""外汇掉期"", ""外汇远期"", ""期权"", ""货币互换"", ""远期结售汇""]"
300891,惠云钛业,外汇,基础化工,外资,1,2026-04-21,"[""其他"", ""场外衍生品"", ""外汇掉期"", ""外汇期权"", ""外汇远期"", ""期权"", ""欧元"", ""港币"", ""美元"", ""远期结售汇""]"
300892,品渥食品,外汇,食品饮料,民企,1,2025-08-22,"[""其他"", ""外汇掉期"", ""外汇期权"", ""新西兰元"", ""期权"", ""欧元"", ""美元"", ""货币互换"", ""货币掉期"", ""远期结售汇""]"
300898,熊猫乳品,商品+外汇,食品饮料,外资,2,2025-08-22,"[""其他"", ""利率互换"", ""外汇掉期"", ""奶粉"", ""期权"", ""期货"", ""白糖"", ""远期结售汇""]"
300901,中胤时尚,外汇,纺织服饰,民企,1,2025-07-08,"[""外汇掉期"", ""外汇远期"", ""期权"", ""货币互换"", ""远期结售汇""]"
300903,科翔股份,商品+外汇,电子,民企,1,2025-04-25,"[""外汇掉期"", ""期权"", ""期货"", ""货币互换"", ""远期结售汇""]"
300904,威力传动,商品+外汇,电力设备,民企,1,2025-04-26,"[""其他"", ""利率"", ""商品"", ""场外衍生品"", ""指数"", ""期权"", ""期货"", ""汇率"", ""证券"", ""货币"", ""远期结售汇""]"
300907,康平科技,外汇,电力设备,民企,1,2025-12-25,"[""其他"", ""利率互换"", ""外汇掉期"", ""日元"", ""期权"", ""期货"", ""欧元"", ""港币"", ""美元"", ""越盾"", ""远期结售汇""]"
300908,仲景食品,商品,食品饮料,民企,1,2025-10-23,"[""期货"", ""豆油""]"
300909,汇创达,外汇,电子,民企,1,2025-07-22,"[""其他"", ""场外衍生品"", ""外汇掉期"", ""外汇远期"", ""期权"", ""期货"", ""港币"", ""美元"", ""远期结售汇""]"
300910,瑞丰新材,商品+外汇,基础化工,民企,1,2026-04-23,"[""其他"", ""外汇掉期"", ""期权"", ""期货"", ""欧元"", ""美元"", ""货币互换"", ""远期结售汇""]"
300913,兆龙互连,外汇,通信,民企,1,2025-10-30,"[""其他"", ""场外衍生品"", ""外汇掉期"", ""期权"", ""欧元"", ""美元"", ""远期结售汇""]"
300916,朗特智能,商品+外汇,电子,外资,1,2026-04-24,"[""其他"", ""利率互换"", ""场外衍生品"", ""外汇掉期"", ""外汇远期"", ""期权"", ""期货"", ""美元"", ""货币互换""]"
300919,中伟股份,商品+外汇,电力设备,民企,1,2025-04-12,"[""其他"", ""利率互换"", ""印尼盾"", ""场外衍生品"", ""外汇掉期"", ""期权"", ""期货"", ""欧元"", ""港币"", ""烧碱"", ""碳酸锂"", ""纯碱"", ""美元"", ""货币互换"", ""远期结售汇"", ""钴"", ""铜"", ""镍"", ""韩元""]"
300925,法本信息,外汇,计算机,民企,1,2025-10-28,"[""其他"", ""利率互换"", ""利率掉期"", ""利率期权"", ""场外衍生品"", ""外汇掉期"", ""外汇期权"", ""日元"", ""期权"", ""欧元"", ""美元"", ""货币互换"", ""远期结售汇""]"
300932,三友联众,商品+外汇,电力设备,民企,2,2025-07-19,"[""其他"", ""利率互换"", ""外汇掉期"", ""期权"", ""期货"", ""电解铜"", ""白银"", ""美元"", ""货币互换"", ""远期结售汇"", ""铜"", ""银""]"
300933,中辰股份,商品,电力设备,民企,1,2025-09-25,"[""期货"", ""铜"", ""铝""]"
300939,秋田微,外汇,电子,民企,1,2026-04-18,"[""利率互换"", ""外汇掉期"", ""外汇远期"", ""期权"", ""期货"", ""远期结售汇""]"
300942,易瑞生物,外汇,医药生物,民企,1,2025-04-25,"[""其他"", ""利率互换"", ""利率掉期"", ""场外衍生品"", ""外汇掉期"", ""外汇期权"", ""期权"", ""美元"", ""货币互换"", ""远期结售汇""]"
300950,德固特,外汇,机械设备,民企,1,2025-08-28,"[""其他"", ""外汇掉期"", ""外汇期权"", ""美元"", ""远期结售汇""]"
300952,恒辉安防,外汇,纺织服饰,民企,1,2026-04-22,"[""其他"", ""利率互换"", ""外汇掉期"", ""外汇远期"", ""日元"", ""期权"", ""美元"", ""货币互换"", ""远期结售汇""]"
300953,震裕科技,商品,电力设备,民企,1,2025-10-28,"[""场外衍生品"", ""期权"", ""期货"", ""硅钢"", ""铜"", ""铝""]"
300956,英力股份,外汇,电子,民企,1,2025-08-12,"[""期权"", ""美元"", ""远期结售汇""]"
300964,本川智能,商品+外汇,电子,民企,1,2025-12-13,"[""其他"", ""利率互换"", ""外汇掉期"", ""期权"", ""期货"", ""美元"", ""货币互换"", ""远期结售汇""]"
300968,格林精密,外汇,电子,民企,1,2025-07-24,"[""其他"", ""利率互换"", ""利率掉期"", ""利率期权"", ""外汇掉期"", ""外汇期权"", ""期权"", ""美元"", ""货币互换"", ""远期结售汇""]"
300969,恒帅股份,外汇,汽车,民企,1,2025-10-09,"[""利率互换"", ""外汇掉期"", ""外汇远期"", ""期权"", ""货币互换"", ""远期结售汇""]"
300975,商络电子,外汇,电子,民企,1,2025-04-21,"[""其他"", ""场外衍生品"", ""外汇掉期"", ""外汇期权"", ""期权"", ""美元"", ""远期结售汇""]"
300976,达瑞电子,商品+外汇,电子,民企,1,2025-08-15,"[""互换"", ""场外衍生品"", ""期权"", ""期货"", ""远期""]"
300978,东箭科技,商品+外汇,汽车,民企,1,2026-04-28,"[""不锈钢"", ""其他"", ""利率互换"", ""场外衍生品"", ""外汇掉期"", ""外汇期权"", ""外汇远期"", ""期权"", ""期货"", ""美元"", ""货币互换"", ""远期结售汇"", ""铁"", ""铝""]"
300979,华利集团,外汇,纺织服饰,外资,1,2025-05-13,"[""人民币"", ""利率互换"", ""利率掉期"", ""利率期权"", ""印尼盾"", ""场外衍生品"", ""外汇掉期"", ""外汇期权"", ""期权"", ""美元"", ""货币互换"", ""货币掉期"", ""越南盾"", ""远期结售汇""]"
300981,中红医疗,商品+外汇,医药生物,地方国企,2,2024-12-10,"[""外汇掉期"", ""外汇远期"", ""日元"", ""期权"", ""期货"", ""欧元"", ""港币"", ""美元"", ""货币互换""]"
300986,志特新材,商品+外汇,建筑材料,民企,1,2025-04-22,"[""利率互换"", ""外汇掉期"", ""期权"", ""期货"", ""美元"", ""螺纹钢"", ""货币互换"", ""远期结售汇""]"
300991,创益通,外汇,电子,民企,1,2025-08-30,"[""其他"", ""利率互换"", ""外汇掉期"", ""期权"", ""期货"", ""美元"", ""货币互换"", ""远期结售汇""]"
300992,泰福泵业,外汇,机械设备,民企,1,2025-09-20,"[""其他"", ""卢布"", ""外汇掉期"", ""期权"", ""欧元"", ""美元"", ""货币互换"", ""远期结售汇""]"
300993,玉马科技,商品+外汇,轻工制造,民企,1,2025-10-14,"[""利率互换"", ""外汇掉期"", ""外汇远期"", ""期权"", ""期货"", ""欧元"", ""美元"", ""货币互换"", ""远期结售汇""]"
300994,久祺股份,商品+外汇,汽车,民企,1,2025-07-26,"[""其他"", ""场外衍生品"", ""外汇掉期"", ""外汇期权"", ""期权"", ""期货"", ""欧元"", ""美元"", ""远期结售汇""]"
300995,奇德新材,商品+外汇,基础化工,民企,2,2025-09-12,"[""其他"", ""利率互换"", ""外汇掉期"", ""期权"", ""期货"", ""美元"", ""聚丙烯"", ""货币互换"", ""远期结售汇""]"
300997,欢乐家,商品+外汇,食品饮料,民企,1,2025-08-27,"[""其他"", ""利率互换"", ""场外衍生品"", ""外汇掉期"", ""外汇期权"", ""外汇远期"", ""期权"", ""期货"", ""货币互换"", ""远期结售汇""]"
300999,金龙鱼,商品+外汇,农林牧渔,外资,1,2024-11-29,"[""利率互换"", ""利率掉期"", ""场外衍生品"", ""外汇掉期"", ""外汇期权"", ""大豆"", ""强麦"", ""期权"", ""期货"", ""棕榈油"", ""水稻"", ""淀粉"", ""玉米"", ""白糖"", ""粳米"", ""花生"", ""菜油"", ""菜粕"", ""豆油"", ""豆粕"", ""货币互换"", ""货币掉期"", ""远期结售汇""]"
301002,崧盛股份,外汇,电子,民企,1,2025-11-21,"[""利率互换"", ""外汇掉期"", ""期权"", ""货币互换"", ""远期结售汇""]"
301003,江苏博云,外汇,基础化工,民企,1,2025-03-28,"[""美元"", ""远期结售汇""]"
301004,嘉益股份,外汇,轻工制造,民企,1,2025-03-31,"[""其他"", ""利率互换"", ""外汇掉期"", ""期权"", ""美元"", ""远期结售汇""]"
301008,宏昌科技,商品,家用电器,民企,1,2025-08-05,"[""塑料"", ""期权"", ""期货"", ""铜""]"
301011,华立科技,商品+外汇,轻工制造,外资,1,2025-10-29,"[""其他"", ""利率互换"", ""场外衍生品"", ""外汇掉期"", ""日元"", ""期权"", ""期货"", ""港币"", ""美元"", ""货币互换"", ""远期结售汇""]"
301012,扬电科技,外汇,电力设备,民企,1,2025-05-22,"[""其他"", ""利率互换"", ""外汇掉期"", ""期权"", ""远期结售汇""]"
301018,申菱环境,外汇,机械设备,民企,1,2025-08-29,"[""其他"", ""外汇掉期""]"
301022,海泰科,外汇,汽车,民企,1,2025-10-24,"[""其他"", ""利率"", ""利率互换"", ""外汇掉期"", ""外汇期权"", ""外汇远期"", ""期权"", ""欧元"", ""汇率"", ""美元"", ""货币"", ""远期结售汇""]"
301023,江南奕帆,外汇,电力设备,民企,1,2025-11-29,"[""欧元"", ""美元"", ""远期结售汇""]"
301026,浩通科技,商品,有色金属,民企,1,2025-12-29,"[""其他"", ""期权"", ""期货"", ""钯"", ""铂"", ""银""]"
301031,中熔电气,商品,电子,民企,1,2025-04-21,"[""期权"", ""期货"", ""铜"", ""银""]"
301033,迈普医学,外汇,医药生物,民企,1,2025-08-22,"[""其他"", ""利率互换"", ""场外衍生品"", ""外汇掉期"", ""期权"", ""远期结售汇""]"
301035,润丰股份,外汇,基础化工,民企,1,2025-12-19,"[""其他"", ""利率互换"", ""外汇掉期"", ""外汇期权"", ""外汇远期"", ""期权"", ""美元"", ""货币互换"", ""远期结售汇""]"
301037,保立佳,商品+外汇,基础化工,民企,1,2025-08-09,"[""其他"", ""场外衍生品"", ""期权"", ""期货"", ""苯乙烯""]"
301039,中集车辆,外汇,汽车,外资,1,2026-03-25,"[""外汇远期"", ""美元""]"
301045,天禄科技,商品+外汇,电子,民企,1,2025-09-25,"[""人民币"", ""其他"", ""利率互换"", ""场外衍生品"", ""外汇掉期"", ""外汇期权"", ""外汇远期"", ""期权"", ""港币"", ""美元"", ""远期结售汇""]"
301056,森赫股份,外汇,机械设备,民企,1,2025-10-29,"[""其他"", ""利率互换"", ""外汇掉期"", ""期权"", ""欧元"", ""美元"", ""远期结售汇""]"
301057,汇隆新材,外汇,基础化工,民企,1,2025-08-28,"[""其他"", ""利率互换"", ""场外衍生品"", ""外汇掉期"", ""外汇期权"", ""期权"", ""欧元"", ""美元"", ""货币互换"", ""远期结售汇""]"
301058,中粮科工,外汇,建筑装饰,央企,1,2025-04-26,"[""欧元"", ""美元"", ""远期结售汇""]"
301059,金三江,外汇,美容护理,民企,1,2025-10-31,"[""其他"", ""利率互换"", ""外汇掉期"", ""期权"", ""远期结售汇""]"
301062,上海艾录,外汇,轻工制造,民企,1,2025-04-21,"[""其他"", ""利率互换"", ""场外衍生品"", ""外汇掉期"", ""外汇远期"", ""期权"", ""欧元"", ""港币"", ""美元"", ""货币互换"", ""远期结售汇""]"
301067,显盈科技,外汇,电子,民企,1,2025-10-13,"[""利率互换"", ""场外衍生品"", ""外汇掉期"", ""期权"", ""美元"", ""货币互换"", ""远期结售汇""]"
301072,中捷精工,商品+外汇,汽车,民企,2,2025-08-27,"[""其他"", ""利率互换"", ""场外衍生品"", ""外汇掉期"", ""外汇期权"", ""期权"", ""期货"", ""欧元"", ""热轧板"", ""美元"", ""货币互换"", ""远期结售汇"", ""铝""]"
301076,新瀚新材,外汇,基础化工,民企,1,2025-03-28,"[""其他"", ""场外衍生品"", ""外汇掉期"", ""外汇期权"", ""期权"", ""美元"", ""货币互换"", ""远期结售汇""]"
301077,星华新材,商品+外汇,基础化工,民企,1,2025-08-27,"[""其他"", ""场外衍生品"", ""期权"", ""期货""]"
301080,百普赛斯,外汇,医药生物,民企,3,2025-08-22,"[""外汇期权"", ""期权"", ""美元"", ""远期结售汇""]"
301081,严牌股份,外汇,环保,民企,1,2025-11-25,"[""利率互换"", ""外汇掉期"", ""外汇期权"", ""外汇远期"", ""期权"", ""期货"", ""欧元"", ""美元"", ""货币互换"", ""远期结售汇""]"
301086,鸿富瀚,外汇,电子,民企,1,2025-11-05,"[""互换"", ""期权"", ""期货"", ""远期""]"
301090,华润材料,商品,基础化工,央企,1,2024-12-10,"[""MEG"", ""PET"", ""PTA"", ""乙二醇"", ""期货"", ""瓶级聚酯切片"", ""精对苯二甲酸""]"
301092,争光股份,外汇,基础化工,民企,1,2025-11-20,"[""其他"", ""外汇期权"", ""日元"", ""期权"", ""欧元"", ""美元"", ""远期结售汇""]"
301097,天益医疗,外汇,医药生物,民企,1,2025-04-15,"[""其他"", ""利率互换"", ""外汇掉期"", ""外汇期权"", ""外汇远期"", ""期权"", ""美元"", ""远期结售汇""]"
301099,雅创电子,外汇,电子,民企,1,2026-04-22,"[""其他"", ""外汇期权"", ""日元"", ""期权"", ""美元"", ""远期结售汇""]"
301105,鸿铭股份,外汇,机械设备,民企,1,2025-08-28,"[""利率互换"", ""场外衍生品"", ""外汇掉期"", ""外汇期权"", ""货币互换"", ""远期结售汇""]"
301106,骏成科技,外汇,电子,民企,1,2025-08-26,"[""其他"", ""场外衍生品"", ""外汇掉期"", ""外汇远期"", ""期权"", ""货币互换""]"
301108,洁雅股份,外汇,美容护理,民企,1,2025-06-07,"[""其他"", ""外汇掉期"", ""外汇远期"", ""欧元"", ""美元""]"
301112,信邦智能,外汇,机械设备,民企,1,2024-12-26,"[""其他"", ""场外衍生品"", ""外汇掉期"", ""外汇期权"", ""日元"", ""期权"", ""期货"", ""美元"", ""远期结售汇""]"
301116,益客食品,商品+外汇,食品饮料,民企,1,2025-12-12,"[""期权"", ""期货"", ""玉米"", ""豆粕""]"
301118,恒光股份,商品+外汇,基础化工,民企,1,2025-11-26,"[""其他"", ""利率互换"", ""场外衍生品"", ""外汇掉期"", ""尿素"", ""期权"", ""期货"", ""烧碱"", ""甲醇"", ""货币互换"", ""远期结售汇"", ""铝锭""]"
301119,正强股份,外汇,汽车,民企,1,2026-04-23,"[""其他"", ""利率互换"", ""利率掉期"", ""利率期权"", ""外汇掉期"", ""外汇期权"", ""日元"", ""期权"", ""欧元"", ""美元"", ""远期结售汇""]"
301123,奕东电子,商品+外汇,电子,民企,2,2025-12-20,"[""其他"", ""利率互换"", ""场外衍生品"", ""外汇掉期"", ""外汇期权"", ""期权"", ""期货"", ""欧元"", ""美元"", ""货币互换"", ""远期结售汇"", ""金"", ""铜""]"
301131,聚赛龙,商品+外汇,基础化工,民企,1,2025-08-29,"[""场外衍生品"", ""外汇远期"", ""期权"", ""期货""]"
301132,满坤科技,外汇,电子,民企,1,2025-07-30,"[""其他"", ""外汇掉期"", ""外汇期权"", ""期权"", ""美元"", ""远期结售汇""]"
301133,金钟股份,外汇,汽车,民企,1,2025-08-29,"[""其他"", ""利率互换"", ""外汇掉期"", ""外汇期权"", ""外汇远期"", ""期权"", ""货币互换"", ""远期结售汇""]"
301149,隆华新材,外汇,基础化工,民企,1,2025-04-19,"[""欧元"", ""美元"", ""远期结售汇""]"
301152,天力锂能,商品,电力设备,民企,1,2025-11-28,"[""期货"", ""硫酸镍"", ""碳酸锂""]"
301156,美农生物,外汇,基础化工,民企,1,2025-04-26,"[""利率互换"", ""外汇掉期"", ""外汇远期"", ""期权"", ""欧元"", ""美元"", ""货币互换"", ""远期结售汇""]"
301158,德石股份,外汇,机械设备,民企,1,2025-10-24,"[""利率互换"", ""加元"", ""卢布"", ""卢比"", ""印尼盾"", ""场外衍生品"", ""坚戈"", ""外汇掉期"", ""外汇期权"", ""日元"", ""欧元"", ""瑞士法郎"", ""科第"", ""美元"", ""货币互换"", ""远期结售汇"", ""迪拉姆"", ""雷亚尔""]"
301168,通灵股份,商品+外汇,电力设备,民企,2,2025-04-26,"[""期货"", ""欧元"", ""美元"", ""远期结售汇"", ""铜""]"
301171,易点天下,外汇,传媒,民企,1,2025-04-25,"[""其他"", ""利率互换"", ""外汇掉期"", ""期权"", ""美元"", ""远期结售汇""]"
301172,君逸数码,商品+外汇,计算机,民企,1,2025-08-26,"[""其他"", ""期权"", ""期货""]"
301176,逸豪新材,商品+外汇,电子,外资,1,2025-11-19,"[""其他"", ""期权"", ""期货""]"
301177,迪阿股份,商品+外汇,纺织服饰,民企,1,2025-12-26,"[""其他"", ""场外衍生品"", ""外汇掉期"", ""新元"", ""期权"", ""期货"", ""欧元"", ""美元"", ""货币互换"", ""远期结售汇"", ""铂金"", ""黄金""]"
301181,标榜股份,外汇,汽车,民企,1,2025-08-26,"[""利率互换"", ""外汇掉期"", ""期权"", ""远期结售汇""]"
301186,超达装备,商品+外汇,汽车,民企,1,2025-10-29,"[""其他"", ""利率互换"", ""场外衍生品"", ""外汇掉期"", ""外汇远期"", ""期权"", ""期货"", ""欧元"", ""美元"", ""货币互换"", ""远期结售汇""]"
301187,欧圣电气,外汇,家用电器,外资,1,2025-04-18,"[""其他"", ""场外衍生品"", ""外汇掉期"", ""期权"", ""期货"", ""欧元"", ""美元"", ""远期结售汇""]"
301189,奥尼电子,外汇,电子,民企,1,2025-11-08,"[""外汇远期"", ""期权"", ""货币互换""]"
301191,菲菱科思,外汇,通信,民企,1,2025-07-09,"[""其他"", ""利率互换"", ""场外衍生品"", ""外汇掉期"", ""外汇远期"", ""期权"", ""港币"", ""美元"", ""货币互换"", ""远期结售汇""]"
301198,喜悦智行,外汇,轻工制造,民企,1,2025-06-05,"[""其他"", ""远期结售汇""]"
301202,朗威股份,商品,通信,民企,1,2026-01-15,"[""期货"", ""钢材"", ""铜""]"
301205,联特科技,外汇,通信,民企,1,2025-08-27,"[""其他"", ""利率互换"", ""外汇掉期"", ""外汇远期"", ""期权"", ""期货"", ""美元"", ""货币互换""]"
301212,联盛化学,外汇,基础化工,民企,1,2025-10-30,"[""外汇掉期"", ""外汇期权"", ""外汇远期"", ""期权"", ""期货"", ""美元""]"
301216,万凯新材,商品+外汇,基础化工,民企,2,2025-11-11,"[""MEG"", ""PTA"", ""新加坡元"", ""期权"", ""期货"", ""欧元"", ""瓶级切片"", ""美元"", ""远期结售汇""]"
301217,铜冠铜箔,商品,电力设备,地方国企,1,2025-09-13,"[""期货"", ""铜""]"
301219,腾远钴业,商品,有色金属,民企,1,2025-08-19,"[""期货"", ""氯化钴"", ""硫酸钴"", ""碳酸锂"", ""钴"", ""铜""]"
301220,亚香股份,外汇,基础化工,民企,1,2025-05-28,"[""其他"", ""利率互换"", ""外汇掉期"", ""期权"", ""货币互换"", ""远期结售汇""]"
301222,浙江恒威,外汇,电力设备,外资,1,2025-04-03,"[""其他"", ""外汇掉期"", ""美元"", ""远期结售汇""]"
301225,恒勃股份,商品+外汇,汽车,民企,1,2025-10-30,"[""场外衍生品"", ""期权"", ""期货""]"
301226,祥明智能,外汇,机械设备,民企,1,2025-11-24,"[""利率互换"", ""场外衍生品"", ""外汇掉期"", ""外汇远期"", ""期权"", ""欧元"", ""美元"", ""货币互换"", ""远期结售汇""]"
301234,五洲医疗,外汇,医药生物,民企,1,2025-10-24,"[""利率互换"", ""外汇掉期"", ""期权"", ""欧元"", ""美元"", ""远期结售汇""]"
301236,软通动力,外汇,计算机,民企,1,2025-11-29,"[""利率互换"", ""利率掉期"", ""利率期权"", ""外汇掉期"", ""外汇期权"", ""远期结售汇""]"
301237,和顺科技,商品,基础化工,民企,1,2025-04-18,"[""MEG"", ""PTA"", ""期权"", ""期货""]"
301238,瑞泰新材,商品+外汇,电力设备,地方国企,1,2025-08-23,"[""利率互换"", ""场外衍生品"", ""外汇远期"", ""期权"", ""期货"", ""欧元"", ""美元"", ""货币互换"", ""远期结售汇""]"
301246,宏源药业,商品+外汇,医药生物,民企,1,2025-08-28,"[""场外衍生品"", ""期权"", ""期货""]"
301251,威尔高,外汇,电子,民企,1,2025-08-26,"[""利率互换"", ""场外衍生品"", ""外汇掉期"", ""外汇期权"", ""泰铢"", ""港币"", ""美元"", ""货币互换"", ""远期结售汇""]"
301256,华融化学,外汇,基础化工,民企,1,2025-10-22,"[""其他"", ""利率互换"", ""利率掉期"", ""场外衍生品"", ""外汇掉期"", ""外汇期权"", ""外汇远期"", ""期权"", ""欧元"", ""美元"", ""货币互换"", ""远期结售汇""]"
301258,富士莱,商品+外汇,医药生物,民企,2,2025-08-22,"[""其他"", ""场外衍生品"", ""外汇掉期"", ""外汇远期"", ""期权"", ""期货"", ""美元"", ""货币互换"", ""远期结售汇""]"
301260,格力博,外汇,机械设备,民企,1,2025-04-29,"[""其他"", ""利率互换"", ""外汇掉期"", ""外汇期权"", ""外汇远期"", ""期权"", ""货币互换""]"
301263,泰恩康,商品+外汇,医药生物,民企,1,2025-12-26,"[""其他"", ""场外衍生品"", ""外汇掉期"", ""日元"", ""期权"", ""期货"", ""欧元"", ""美元"", ""货币互换"", ""远期结售汇""]"
301266,宇邦新材,商品+外汇,电力设备,民企,2,2025-07-29,"[""外汇掉期"", ""期权"", ""期货"", ""美元"", ""货币互换"", ""远期结售汇"", ""铜"", ""锡合金""]"
301268,铭利达,外汇,机械设备,民企,1,2025-10-25,"[""其他"", ""利率互换"", ""场外衍生品"", ""外汇掉期"", ""期权"", ""欧元"", ""美元"", ""远期结售汇""]"
301270,汉仪股份,商品+外汇,计算机,民企,1,2025-09-12,"[""其他"", ""期权"", ""期货""]"
301272,英华特,外汇,机械设备,民企,1,2025-12-10,"[""其他"", ""利率互换"", ""利率掉期"", ""利率期权"", ""外汇掉期"", ""外汇期权"", ""期权"", ""欧元"", ""美元"", ""远期结售汇""]"
301275,汉朔科技,外汇,电子,民企,1,2026-04-28,"[""其他"", ""利率互换"", ""利率掉期"", ""利率期权"", ""外汇掉期"", ""外汇期权"", ""外汇远期"", ""期权"", ""欧元"", ""澳元"", ""美元"", ""英镑"", ""货币互换"", ""远期结售汇""]"
301278,快可电子,商品+外汇,电力设备,民企,1,2025-08-26,"[""场外衍生品"", ""期权"", ""期货""]"
301279,金道科技,外汇,机械设备,民企,1,2025-07-08,"[""利率互换"", ""利率掉期"", ""利率期权"", ""外汇掉期"", ""外汇期权"", ""货币互换"", ""远期结售汇""]"
301282,金禄电子,外汇,电子,民企,1,2025-07-22,"[""其他"", ""利率互换"", ""场外衍生品"", ""外汇掉期"", ""日元"", ""期权"", ""欧元"", ""美元"", ""货币互换"", ""远期结售汇""]"
301283,聚胶股份,商品+外汇,基础化工,民企,1,2025-11-18,"[""其他"", ""期权"", ""期货"", ""远期""]"
301285,鸿日达,商品+外汇,电子,民企,2,2025-11-12,"[""其他"", ""利率互换"", ""场外衍生品"", ""外汇掉期"", ""期权"", ""期货"", ""货币互换"", ""远期结售汇"", ""金盐"", ""铜"", ""铜材""]"
301287,康力源,商品+外汇,轻工制造,民企,1,2025-11-06,"[""其他"", ""利率互换"", ""外汇掉期"", ""期权"", ""期货"", ""美元"", ""货币互换"", ""远期结售汇""]"
301296,新巨丰,商品+外汇,轻工制造,民企,1,2025-10-29,"[""其他"", ""利率互换"", ""利率掉期"", ""场外衍生品"", ""外汇掉期"", ""外汇期权"", ""外汇远期"", ""期权"", ""美元"", ""货币互换"", ""远期"", ""远期结售汇""]"
301298,东利机械,外汇,汽车,民企,1,2025-08-26,"[""利率"", ""商品"", ""外汇掉期"", ""外汇远期"", ""期权"", ""欧元"", ""汇率"", ""美元"", ""货币"", ""货币互换"", ""远期结售汇""]"
301301,川宁生物,外汇,医药生物,民企,1,2025-04-22,"[""其他"", ""利率互换"", ""场外衍生品"", ""外汇掉期"", ""期权"", ""期货"", ""货币互换"", ""远期结售汇""]"
301303,真兰仪表,商品+外汇,机械设备,民企,2,2026-04-23,"[""其他"", ""利率互换"", ""外汇掉期"", ""期权"", ""期货"", ""欧元"", ""美元"", ""货币互换"", ""远期结售汇"", ""钢材""]"
301305,朗坤环境,外汇,环保,民企,1,2025-04-25,"[""美元"", ""远期结售汇""]"
301307,美利信,商品+外汇,通信,民企,1,2025-08-27,"[""其他"", ""利率互换"", ""外汇掉期"", ""外汇远期"", ""期权"", ""期货"", ""美元"", ""货币互换"", ""远期结售汇"", ""铝""]"
301308,江波龙,外汇,电子,民企,1,2026-04-28,"[""其他"", ""利率互换"", ""场外衍生品"", ""外汇掉期"", ""外汇远期"", ""期权"", ""欧元"", ""港币"", ""美元"", ""远期结售汇""]"
301309,万得凯,外汇,机械设备,民企,1,2025-11-25,"[""其他"", ""利率互换"", ""外汇掉期"", ""期权"", ""美元"", ""货币互换"", ""远期结售汇""]"
301316,慧博云通,外汇,计算机,民企,1,2025-04-25,"[""其他"", ""外汇掉期"", ""外汇期权"", ""期权"", ""欧元"", ""美元"", ""远期结售汇""]"
301318,维海德,商品+外汇,计算机,民企,1,2025-08-15,"[""其他"", ""利率互换"", ""场外衍生品"", ""外汇掉期"", ""外汇期权"", ""外汇远期"", ""期权"", ""美元"", ""货币互换"", ""远期结售汇""]"
301319,唯特偶,商品+外汇,电子,民企,2,2025-10-29,"[""其他"", ""利率互换"", ""场外衍生品"", ""外汇掉期"", ""期权"", ""期货"", ""白银"", ""远期结售汇"", ""锡""]"
301320,豪江智能,外汇,机械设备,民企,1,2025-10-10,"[""利率互换"", ""场外衍生品"", ""外汇掉期"", ""外汇期权"", ""外汇远期"", ""期权"", ""期货"", ""美元"", ""货币互换"", ""远期结售汇""]"
301321,翰博高新,外汇,未分类,其他,1,2025-12-09,"[""利率互换"", ""场外衍生品"", ""外汇掉期"", ""日元"", ""期权"", ""期货"", ""欧元"", ""美元"", ""远期结售汇""]"
301326,捷邦科技,外汇,电子,民企,1,2025-08-29,"[""外汇掉期"", ""外汇期权"", ""期权"", ""美元"", ""远期结售汇""]"
301327,华宝新能,外汇,电力设备,民企,1,2026-04-25,"[""其他"", ""利率互换"", ""场外衍生品"", ""外汇掉期"", ""日元"", ""期权"", ""欧元"", ""美元"", ""货币互换"", ""远期结售汇""]"
301329,信音电子,外汇,电子,其他,1,2025-04-11,"[""外汇远期"", ""美元"", ""远期结售汇""]"
301332,德尔玛,商品+外汇,家用电器,民企,1,2026-04-28,"[""ABS"", ""ABS(树脂)"", ""ABS（树脂）"", ""PP"", ""PP(树脂)"", ""PP（树脂）"", ""利率互换"", ""场外衍生品"", ""外汇掉期"", ""期权"", ""期货"", ""欧元"", ""美元"", ""货币互换"", ""远期结售汇"", ""铜"", ""锡""]"
301335,天元宠物,外汇,轻工制造,民企,1,2025-01-16,"[""外汇期权"", ""美元"", ""远期结售汇""]"
301345,涛涛车业,外汇,汽车,民企,1,2025-09-20,"[""其他"", ""利率互换"", ""场外衍生品"", ""外汇掉期"", ""期权"", ""期货"", ""欧元"", ""美元"", ""货币互换"", ""远期结售汇""]"
301355,南王科技,商品+外汇,轻工制造,民企,2,2025-04-23,"[""其他"", ""利率互换"", ""场外衍生品"", ""外汇掉期"", ""外汇远期"", ""期权"", ""期货"", ""美元"", ""货币互换""]"
301356,天振股份,商品+外汇,轻工制造,民企,1,2025-08-09,"[""其他"", ""期权"", ""期货""]"
301358,湖南裕能,商品+外汇,电力设备,其他,1,2025-11-27,"[""利率互换"", ""外汇掉期"", ""期权"", ""期货"", ""货币互换"", ""远期"", ""远期结售汇"", ""锂盐""]"
301362,民爆光电,外汇,电子,民企,1,2025-06-27,"[""利率互换"", ""外汇掉期"", ""外汇远期"", ""期权"", ""美元"", ""货币互换"", ""远期结售汇""]"
301363,美好医疗,外汇,医药生物,民企,1,2025-09-16,"[""其他"", ""利率互换"", ""外汇掉期"", ""外汇期权"", ""外汇远期"", ""期权"", ""欧元"", ""美元"", ""货币互换"", ""远期结售汇""]"
301367,瑞迈特,外汇,医药生物,民企,1,2026-04-23,"[""其他"", ""场外衍生品"", ""外汇掉期"", ""外汇期权"", ""期权"", ""欧元"", ""美元"", ""远期结售汇""]"
301368,丰立智能,外汇,机械设备,民企,1,2025-10-30,"[""利率互换"", ""场外衍生品"", ""外汇掉期"", ""外汇远期"", ""期权"", ""期货"", ""欧元"", ""美元"", ""货币互换"", ""远期结售汇""]"
301376,致欧科技,外汇,轻工制造,民企,1,2025-10-28,"[""其他"", ""利率互换"", ""外汇掉期"", ""外汇期权"", ""外汇远期"", ""期权"", ""欧元"", ""美元"", ""货币互换"", ""远期结售汇""]"
301379,天山电子,商品+外汇,电子,民企,1,2025-10-29,"[""其他"", ""利率互换"", ""场外衍生品"", ""外汇掉期"", ""外汇期权"", ""外汇远期"", ""远期结售汇""]"
301380,挖金客,外汇,通信,民企,1,2025-08-13,"[""利率互换"", ""利率掉期"", ""利率期权"", ""外汇掉期"", ""外汇期权"", ""货币互换"", ""远期结售汇""]"
301381,赛维时代,外汇,商贸零售,民企,1,2025-10-29,"[""其他"", ""利率互换"", ""加元"", ""场外衍生品"", ""外汇掉期"", ""外汇期权"", ""期权"", ""欧元"", ""美元"", ""货币互换"", ""远期结售汇""]"
301393,昊帆生物,商品+外汇,医药生物,民企,1,2025-11-22,"[""场外衍生品"", ""期权"", ""期货""]"
301395,仁信新材,商品,基础化工,民企,1,2025-12-15,"[""合成橡胶"", ""期货"", ""苯乙烯""]"
301398,星源卓镁,外汇,汽车,民企,1,2025-11-27,"[""场外衍生品"", ""外汇掉期"", ""外汇远期"", ""期权"", ""货币互换""]"
301413,安培龙,外汇,机械设备,民企,1,2025-12-02,"[""其他"", ""利率互换"", ""外汇掉期"", ""外汇远期"", ""期权"", ""美元"", ""货币互换"", ""远期结售汇""]"
301429,森泰股份,外汇,建筑材料,民企,1,2025-04-18,"[""远期结售汇""]"
301448,开创电气,外汇,机械设备,民企,1,2024-12-18,"[""外汇掉期"", ""美元"", ""远期结售汇""]"
301458,钧崴电子,商品+外汇,电子,外资,1,2025-08-27,"[""其他"", ""利率互换"", ""场外衍生品"", ""外汇掉期"", ""外汇远期"", ""期权"", ""期货"", ""货币互换"", ""远期结售汇""]"
301469,恒达新材,商品+外汇,轻工制造,民企,2,2025-08-27,"[""其他"", ""利率互换"", ""外汇掉期"", ""外汇远期"", ""期权"", ""期货"", ""欧元"", ""纸浆"", ""美元"", ""货币互换"", ""远期结售汇""]"
301479,弘景光电,外汇,电子,民企,1,2025-04-28,"[""外汇掉期"", ""期权"", ""欧元"", ""泰铢"", ""港币"", ""美元"", ""远期结售汇""]"
301486,致尚科技,外汇,通信,民企,1,2025-10-28,"[""其他"", ""利率互换"", ""利率掉期"", ""外汇掉期"", ""外汇期权"", ""期权"", ""美元"", ""远期结售汇""]"
301487,盟固利,商品,电力设备,民企,1,2025-12-18,"[""场外衍生品"", ""期权"", ""期货"", ""碳酸锂""]"
301500,飞南资源,商品+外汇,环保,民企,1,2025-08-23,"[""期权"", ""期货"", ""金"", ""铜"", ""银"", ""锡"", ""镍""]"
301503,智迪科技,外汇,计算机,民企,1,2025-10-28,"[""其他"", ""利率互换"", ""外汇掉期"", ""外汇期权"", ""远期结售汇""]"
301511,德福科技,商品+外汇,电力设备,民企,1,2025-08-26,"[""其他"", ""利率互换"", ""场外衍生品"", ""外汇掉期"", ""期权"", ""期货"", ""欧元"", ""港币"", ""美元"", ""货币互换"", ""远期结售汇"", ""阴极铜""]"
301518,长华化学,外汇,基础化工,民企,1,2025-08-27,"[""美元"", ""远期结售汇""]"
301519,舜禹股份,外汇,环保,民企,1,2025-07-17,"[""利率互换"", ""外汇掉期"", ""期权"", ""货币互换"", ""远期结售汇""]"
301526,国际复材,外汇,建筑材料,地方国企,1,2025-08-26,"[""利率互换"", ""场外衍生品"", ""外汇掉期"", ""外汇期权"", ""外汇远期"", ""期权"", ""远期结售汇""]"
301529,福赛科技,商品+外汇,汽车,民企,1,2026-06-29,"[""其他"", ""场外衍生品"", ""外汇掉期"", ""期权"", ""期货"", ""欧元"", ""美元"", ""货币互换"", ""远期结售汇""]"
301533,威马农机,外汇,机械设备,民企,1,2025-08-26,"[""美元"", ""远期结售汇""]"
301536,星宸科技,外汇,电子,外资,1,2025-04-19,"[""其他"", ""利率互换"", ""外汇远期"", ""期权"", ""期货"", ""美元"", ""货币互换""]"
301538,骏鼎达,商品+外汇,基础化工,民企,1,2025-04-22,"[""PA"", ""PE"", ""PET"", ""PP"", ""其他"", ""利率互换"", ""外汇掉期"", ""尼龙(PA)"", ""期权"", ""期货"", ""树脂材料"", ""欧元"", ""美元"", ""聚丙烯(PP)"", ""聚乙烯(PE)"", ""聚酯(PET)"", ""货币互换"", ""远期结售汇"", ""金属丝""]"
301550,斯菱股份,外汇,汽车,民企,1,2025-08-25,"[""其他"", ""利率互换"", ""外汇掉期"", ""外汇期权"", ""货币互换"", ""远期结售汇""]"
301558,三态股份,外汇,商贸零售,外资,1,2025-10-29,"[""其他"", ""利率互换"", ""加拿大元"", ""场外衍生品"", ""外汇掉期"", ""外汇期权"", ""外汇期货"", ""日元"", ""期权"", ""期货"", ""欧元"", ""港币"", ""澳元"", ""美元"", ""英镑"", ""货币互换"", ""远期结售汇""]"
301559,中集环科,外汇,机械设备,外资,1,2025-11-26,"[""外汇掉期"", ""期权"", ""欧元"", ""美元"", ""远期结售汇""]"
301560,众捷汽车,外汇,汽车,民企,1,2025-08-28,"[""其他"", ""利率互换"", ""场外衍生品"", ""外汇掉期"", ""期权"", ""货币互换"", ""远期结售汇""]"
301565,中仑新材,外汇,基础化工,民企,1,2025-09-13,"[""其他"", ""场外衍生品"", ""外汇掉期"", ""外汇远期"", ""期权"", ""期货"", ""欧元"", ""港币"", ""美元"", ""远期结售汇""]"
301566,达利凯普,商品+外汇,电子,民企,1,2025-07-11,"[""利率互换"", ""场外衍生品"", ""外汇掉期"", ""外汇期权"", ""期权"", ""期货"", ""美元"", ""货币互换"", ""远期结售汇""]"
301575,艾芬达,外汇,轻工制造,民企,1,2025-10-01,"[""利率互换"", ""外汇掉期"", ""期权"", ""货币互换"", ""远期结售汇""]"
301577,美信科技,商品+外汇,通信,民企,1,2025-04-23,"[""其他"", ""利率互换"", ""场外衍生品"", ""外汇掉期"", ""期权"", ""期货"", ""美元"", ""货币互换"", ""远期结售汇"", ""铜"", ""锡""]"
301578,辰奕智能,外汇,家用电器,民企,1,2025-07-29,"[""其他"", ""利率互换"", ""场外衍生品"", ""外汇互换"", ""外汇掉期"", ""期权"", ""期货"", ""欧元"", ""美元"", ""货币互换"", ""远期结售汇""]"
301580,爱迪特,外汇,医药生物,民企,1,2025-12-23,"[""其他"", ""利率互换"", ""场外衍生品"", ""外汇掉期"", ""外汇期权"", ""日元"", ""期权"", ""欧元"", ""美元"", ""货币互换"", ""远期结售汇""]"
301585,蓝宇股份,外汇,基础化工,民企,1,2025-07-26,"[""其他"", ""利率"", ""利率互换"", ""外汇掉期"", ""外汇远期"", ""期权"", ""汇率"", ""美元"", ""货币"", ""货币互换"", ""远期结售汇""]"
301587,中瑞股份,商品+外汇,电力设备,民企,1,2025-08-20,"[""其他"", ""利率互换"", ""外汇掉期"", ""期权"", ""期货"", ""远期结售汇""]"
301588,美新科技,商品+外汇,基础化工,外资,1,2025-10-23,"[""场外衍生品"", ""期货""]"
301595,太力科技,外汇,轻工制造,民企,1,2025-10-29,"[""其他"", ""场外衍生品"", ""外汇掉期"", ""外汇远期"", ""期权"", ""索尔"", ""美元"", ""货币互换"", ""远期结售汇""]"
301602,超研股份,外汇,医药生物,民企,1,2025-04-29,"[""外汇掉期"", ""美元"", ""远期结售汇""]"
301606,绿联科技,外汇,电子,民企,1,2025-08-29,"[""其他"", ""利率互换"", ""场外衍生品"", ""外汇掉期"", ""外汇远期"", ""欧元"", ""美元"", ""货币互换"", ""远期结售汇""]"
301608,博实结,外汇,汽车,民企,1,2025-07-24,"[""其他"", ""场外衍生品"", ""外汇掉期"", ""外汇期权"", ""期权"", ""期货"", ""美元"", ""远期结售汇""]"
301611,珂玛科技,外汇,电子,民企,1,2025-04-08,"[""其他"", ""利率互换"", ""场外衍生品"", ""外汇掉期"", ""外汇远期"", ""期权"", ""期权利率/外汇期权"", ""货币互换""]"
301618,长联科技,商品+外汇,基础化工,民企,1,2025-08-29,"[""其他"", ""利率互换"", ""外汇掉期"", ""期权"", ""期货"", ""货币互换"", ""远期"", ""远期结售汇""]"
301622,英思特,外汇,有色金属,民企,1,2025-12-27,"[""其他"", ""利率互换"", ""利率掉期"", ""利率期权"", ""外汇掉期"", ""外汇期权"", ""期权"", ""美元"", ""远期结售汇""]"
301626,苏州天脉,商品+外汇,电子,民企,1,2025-08-28,"[""其他"", ""场外衍生品"", ""期权"", ""期货""]"
301628,强达电路,外汇,电子,民企,1,2025-12-06,"[""利率互换"", ""场外衍生品"", ""外汇掉期"", ""外汇远期"", ""期权"", ""期货"", ""货币互换"", ""远期结售汇""]"
301656,联合动力,商品+外汇,汽车,民企,1,2025-11-18,"[""利率互换"", ""外汇掉期"", ""期权"", ""期货"", ""货币互换"", ""远期结售汇""]"
301658,首航新能,外汇,电力设备,民企,3,2026-04-29,"[""其他"", ""利率互换"", ""外汇掉期"", ""外汇期权"", ""日元"", ""期权"", ""欧元"", ""澳元"", ""美元"", ""英镑"", ""货币互换"", ""远期结售汇""]"
301665,泰禾股份,外汇,基础化工,民企,1,2025-08-12,"[""利率互换"", ""外汇掉期"", ""外汇远期"", ""期权"", ""美元"", ""远期结售汇""]"
301678,新恒汇,商品,电子,民企,1,2025-12-19,"[""期货"", ""白银"", ""铜"", ""银"", ""黄金""]"
600006,东风股份,外汇,汽车,央企,1,2025-04-26,"[""外汇远期"", ""远期结售汇""]"
600011,华能国际,商品+外汇,公用事业,央企,1,2024-10-30,"[""其他"", ""利率互换"", ""外汇远期"", ""燃料""]"
600019,宝钢股份,商品+外汇,钢铁,央企,1,2025-04-08,"[""人民币"", ""利率互换"", ""动力煤"", ""外汇掉期"", ""外汇远期"", ""日元"", ""期货"", ""欧元"", ""澳元"", ""热轧卷板"", ""焦炭"", ""焦煤"", ""燃料油"", ""硅铁"", ""美元"", ""铁矿石"", ""铜"", ""锌"", ""锡"", ""锰硅"", ""镍""]"
600022,山东钢铁,商品,钢铁,地方国企,1,2025-03-06,"[""期权"", ""期货"", ""焦炭"", ""电解镍"", ""铁矿石"", ""锰硅合金""]"
600023,浙能电力,外汇,公用事业,地方国企,1,2025-04-29,"[""其他"", ""外汇掉期"", ""外汇远期"", ""欧元"", ""美元"", ""远期结售汇""]"
600031,三一重工,商品+外汇,机械设备,民企,2,2025-04-18,"[""利率互换"", ""原油"", ""外汇远期"", ""日元"", ""期权"", ""期货"", ""橡胶"", ""欧元"", ""美元"", ""货币互换"", ""钢材"", ""铜"", ""铝""]"
600048,保利发展,外汇,房地产,央企,1,2025-04-29,"[""人民币"", ""外汇远期"", ""港元"", ""澳元"", ""美元"", ""英镑""]"
600052,东望时代,商品+外汇,公用事业,地方国企,1,2025-11-18,"[""场外衍生品""]"
600056,中国医药,外汇,医药生物,央企,1,2025-04-26,"[""日元"", ""美元"", ""远期结售汇""]"
600057,厦门象屿,商品+外汇,交通运输,地方国企,2,2025-03-13,"[""其他"", ""农副产品"", ""场外衍生品"", ""外汇掉期"", ""掉期"", ""新能源"", ""期权"", ""期货"", ""欧元"", ""港币"", ""美元"", ""能源化工"", ""远期"", ""远期结售汇"", ""金属矿产""]"
600058,五矿发展,商品+外汇,商贸零售,央企,1,2025-03-29,"[""不锈钢"", ""动力煤"", ""场外衍生品"", ""外汇掉期"", ""外汇远期"", ""期权"", ""期货"", ""热轧卷板"", ""焦炭"", ""焦煤"", ""硅铁"", ""螺纹钢"", ""货币互换"", ""铁矿石"", ""锰硅""]"
600060,海信视像,商品+外汇,家用电器,其他,2,2025-08-26,"[""其他"", ""外汇掉期"", ""期货"", ""远期结售汇"", ""黄金""]"
600066,宇通客车,外汇,汽车,民企,1,2025-04-01,"[""外汇掉期"", ""期权"", ""欧元"", ""美元"", ""远期结售汇""]"
600073,光明肉业,外汇,食品饮料,地方国企,1,2024-11-21,"[""新西兰元"", ""远期结售汇""]"
600075,新疆天业,商品,基础化工,地方国企,1,2025-06-28,"[""其他"", ""期权"", ""期货""]"
600078,澄星股份,外汇,基础化工,民企,1,2025-12-23,"[""其他"", ""利率互换"", ""外汇掉期"", ""期权"", ""期货"", ""货币互换"", ""远期结售汇""]"
600089,特变电工,商品+外汇,综合,民企,1,2025-08-30,"[""利率互换"", ""场外衍生品"", ""塑料"", ""外汇掉期"", ""外汇远期"", ""多晶硅"", ""工业硅"", ""成品油"", ""期权"", ""期货"", ""欧元"", ""氧化铝"", ""碳酸锂"", ""美元"", ""远期结售汇"", ""钢材"", ""铅"", ""铜"", ""铝"", ""黄金""]"
600096,云天化,商品,基础化工,地方国企,1,2025-02-13,"[""大豆"", ""尿素"", ""期权"", ""期货"", ""甲醇""]"
600099,林海股份,外汇,汽车,央企,1,2025-03-29,"[""外汇远期"", ""远期结售汇""]"
600104,上汽集团,外汇,汽车,地方国企,1,2025-04-30,"[""外汇掉期"", ""外汇远期"", ""美元"", ""货币互换""]"
600105,永鼎股份,商品+外汇,通信,民企,1,2025-08-26,"[""利率互换"", ""场外衍生品"", ""外汇掉期"", ""外汇期权"", ""外汇远期"", ""期权"", ""期货"", ""欧元"", ""美元"", ""铜"", ""铝""]"
600110,诺德股份,商品+外汇,电力设备,民企,1,2025-04-22,"[""其他"", ""场外衍生品"", ""外汇掉期"", ""期权"", ""期货"", ""美元"", ""远期结售汇"", ""铜""]"
600114,东睦股份,外汇,机械设备,其他,1,2025-10-28,"[""利率互换"", ""利率掉期"", ""场外衍生品"", ""外汇掉期"", ""外汇期权"", ""外汇远期"", ""期权"", ""欧元"", ""美元"", ""货币掉期"", ""远期结售汇""]"
600115,中国东航,商品+外汇,交通运输,央企,1,2025-01-18,"[""上海国际能源交易中心原油"", ""场外衍生品"", ""外汇远期"", ""布伦特原油"", ""期权"", ""期货"", ""美元"", ""航油""]"
600126,杭钢股份,商品+外汇,钢铁,地方国企,1,2025-04-12,"[""场外衍生品"", ""期权"", ""期货"", ""煤焦"", ""美元"", ""远期结售汇"", ""钢材"", ""铁矿石""]"
600128,苏豪弘业,商品+外汇,商贸零售,地方国企,1,2025-04-29,"[""PTA"", ""场外衍生品"", ""外汇远期"", ""尿素"", ""期货"", ""橡胶"", ""煤炭""]"
600130,*ST波导,外汇,电子,民企,1,2025-10-31,"[""美元"", ""远期结售汇""]"
600132,重庆啤酒,商品,食品饮料,外资,1,2025-04-03,"[""场外衍生品"", ""期权"", ""期货"", ""铝材""]"
600143,金发科技,商品+外汇,基础化工,民企,1,2025-12-20,"[""其他"", ""期权"", ""期货""]"
600150,中国船舶,商品+外汇,国防军工,央企,1,2025-01-25,"[""利率互换"", ""外汇掉期"", ""外汇远期"", ""期权"", ""期货"", ""远期结售汇""]"
600153,建发股份,商品+外汇,交通运输,地方国企,2,2024-12-12,"[""农产品"", ""利率互换"", ""化工产品"", ""场外衍生品"", ""外汇掉期"", ""外汇远期"", ""日元"", ""期权"", ""期货"", ""欧元"", ""港币"", ""矿产品"", ""纸浆"", ""美元"", ""货币互换"", ""金属""]"
600160,巨化股份,外汇,基础化工,地方国企,1,2025-04-25,"[""外汇掉期"", ""期权"", ""美元"", ""远期结售汇""]"
600166,福田汽车,商品+外汇,汽车,地方国企,1,2025-08-02,"[""场外衍生品"", ""外汇远期"", ""期权"", ""期货"", ""美元""]"
600169,太原重工,外汇,机械设备,地方国企,1,2025-04-29,"[""利率互换"", ""外汇掉期"", ""欧元"", ""美元"", ""货币互换"", ""远期结售汇""]"
600173,卧龙地产,商品+外汇,公用事业,民企,1,2025-04-10,"[""期货"", ""美元"", ""金"", ""铜"", ""银""]"
600180,瑞茂通,商品+外汇,交通运输,民企,1,2025-08-30,"[""场外衍生品"", ""期权"", ""期货""]"
600183,生益科技,商品,电子,其他,1,2025-10-29,"[""期货"", ""金"", ""铜"", ""银"", ""锌"", ""镍""]"
600185,珠免集团,外汇,商贸零售,地方国企,1,2025-08-15,"[""利率互换"", ""日元"", ""期权"", ""美元"", ""货币互换"", ""远期结售汇""]"
600191,华资实业,商品+外汇,农林牧渔,民企,1,2025-10-21,"[""其他"", ""场外衍生品"", ""期权"", ""期货""]"
600206,有研新材,商品,电子,央企,1,2025-04-30,"[""期货"", ""金"", ""钯"", ""铂"", ""银""]"
600208,衢州发展,外汇,房地产,地方国企,1,2025-04-30,"[""利率互换"", ""场外衍生品"", ""外汇掉期"", ""外汇期权"", ""远期"", ""远期结售汇""]"
600219,南山铝业,商品+外汇,有色金属,集体,2,2024-12-12,"[""场外衍生品"", ""期权"", ""期货"", ""欧元"", ""美元"", ""远期"", ""远期结售汇"", ""铝""]"
600221,海航控股,外汇,交通运输,民企,1,2025-06-07,"[""外汇掉期"", ""外汇远期"", ""美元""]"
600226,亨通股份,商品+外汇,公用事业,民企,2,2026-01-08,"[""期权"", ""期货"", ""远期结售汇"", ""铜""]"
600231,凌钢股份,商品,钢铁,央企,1,2024-12-21,"[""期权"", ""期货"", ""热卷"", ""焦炭"", ""焦煤"", ""硅铁"", ""螺纹钢"", ""铁矿石"", ""锰硅""]"
600233,圆通速递,商品+外汇,交通运输,民企,1,2025-09-27,"[""其他"", ""外汇掉期"", ""期权"", ""期货"", ""货币互换"", ""远期结售汇""]"
600251,冠农股份,商品+外汇,农林牧渔,地方国企,1,2025-07-29,"[""外汇期权"", ""期权"", ""期货"", ""棉油"", ""棉粕"", ""棉花"", ""玉米"", ""白糖"", ""菜油"", ""菜粕"", ""豆油"", ""豆粕"", ""远期结售汇""]"
600255,鑫科材料,商品+外汇,有色金属,地方国企,1,2025-03-29,"[""场外衍生品"", ""外汇掉期"", ""期权"", ""期货"", ""远期结售汇"", ""铜"", ""锌"", ""锡"", ""镍""]"
600256,广汇能源,商品+外汇,煤炭,民企,2,2025-08-30,"[""LNG"", ""乙二醇"", ""其他"", ""利率互换"", ""外汇掉期"", ""天然气"", ""期权"", ""期货"", ""甲醇"", ""货币互换"", ""远期结售汇""]"
600259,广晟有色,商品,有色金属,央企,1,2025-10-31,"[""期权"", ""期货"", ""铜"", ""铝"", ""锌"", ""锡""]"
600267,海正药业,外汇,医药生物,地方国企,1,2025-03-29,"[""其他"", ""外汇掉期"", ""期权"", ""美元"", ""远期结售汇""]"
600273,嘉化能源,外汇,基础化工,民企,1,2024-12-18,"[""场外衍生品"", ""外汇掉期"", ""期权"", ""美元"", ""远期结售汇""]"
600278,东方创业,外汇,商贸零售,地方国企,1,2025-06-07,"[""外汇掉期"", ""外汇期权"", ""欧元"", ""美元"", ""英镑"", ""远期结售汇""]"
600282,南钢股份,商品,钢铁,央企,1,2024-12-27,"[""不锈钢"", ""场外衍生品"", ""期货"", ""焦炭"", ""焦煤"", ""钢材"", ""铁合金"", ""铁矿石"", ""镍""]"
600287,ST舜天,外汇,商贸零售,地方国企,1,2025-04-29,"[""美元"", ""远期结售汇""]"
600299,安迪苏,外汇,基础化工,央企,1,2025-04-29,"[""场外衍生品"", ""外汇掉期"", ""期权"", ""期货"", ""欧元"", ""美元"", ""货币互换"", ""远期结售汇""]"
600300,维维股份,商品,食品饮料,地方国企,1,2025-04-26,"[""大豆"", ""期货"", ""棕榈油"", ""玉米"", ""粳米"", ""菜油"", ""豆油""]"
600301,华锡有色,商品,有色金属,地方国企,1,2025-12-12,"[""期货"", ""锡""]"
600308,华泰股份,商品,轻工制造,民企,1,2025-08-30,"[""双胶纸"", ""期权"", ""期货"", ""纸浆""]"
600309,万华化学,商品,基础化工,地方国企,1,2025-08-12,"[""场外衍生品"", ""期货""]"
600312,平高电气,商品,电力设备,央企,1,2025-05-14,"[""掉期"", ""期权"", ""期货"", ""白银"", ""远期""]"
600315,上海家化,外汇,美容护理,民企,1,2025-05-20,"[""场外衍生品"", ""外汇掉期"", ""外汇远期"", ""期权"", ""欧元"", ""港币"", ""澳元"", ""英镑"", ""货币互换""]"
600323,瀚蓝环境,商品+外汇,环保,地方国企,1,2025-06-28,"[""其他"", ""期权"", ""期货""]"
600325,华发股份,外汇,房地产,地方国企,1,2025-03-15,"[""利率互换"", ""外汇掉期"", ""期权"", ""美元"", ""货币互换"", ""远期结售汇""]"
600331,宏达股份,商品,基础化工,地方国企,1,2025-03-29,"[""期货"", ""白银"", ""锌""]"
600335,国机汽车,外汇,汽车,央企,1,2025-04-25,"[""欧元"", ""泰铢"", ""美元"", ""远期结售汇""]"
600336,澳柯玛,外汇,家用电器,地方国企,1,2025-09-30,"[""外汇掉期"", ""外汇期权"", ""期权"", ""美元"", ""货币互换"", ""远期结售汇""]"
600338,西藏珠峰,商品,有色金属,民企,1,2025-04-29,"[""其他"", ""期货"", ""白银"", ""碳酸锂"", ""铅"", ""铜"", ""锌""]"
600346,恒力石化,商品+外汇,石油石化,民企,2,2025-08-23,"[""PTA"", ""乙二醇"", ""其他"", ""利率互换"", ""原油"", ""外汇掉期"", ""外汇远期"", ""日元"", ""期权"", ""期货"", ""欧元"", ""石油制品"", ""美元"", ""聚丙烯"", ""苯乙烯"", ""货币互换"", ""远期结售汇""]"
600358,ST联合,外汇,食品饮料,地方国企,1,2025-10-30,"[""其他"", ""外汇掉期"", ""外汇期权"", ""期权"", ""欧元"", ""澳元"", ""美元"", ""远期结售汇""]"
600361,创新新材,商品+外汇,有色金属,民企,1,2025-12-02,"[""其他"", ""利率互换"", ""利率掉期"", ""利率期权"", ""场外衍生品"", ""外汇掉期"", ""外汇期权"", ""期权"", ""期货"", ""远期结售汇"", ""铜"", ""铝"", ""铸造铝合金""]"
600362,江西铜业,商品,有色金属,地方国企,1,2025-03-28,"[""期权"", ""期货"", ""白银"", ""铜"", ""黄金""]"
600363,联创光电,外汇,电子,民企,1,2025-12-16,"[""利率互换"", ""场外衍生品"", ""外汇掉期"", ""外汇期权"", ""外汇远期"", ""期权"", ""美元"", ""货币互换"", ""远期结售汇""]"
600366,宁波韵升,外汇,有色金属,民企,1,2025-08-23,"[""其他"", ""外汇掉期"", ""外汇期权"", ""外汇远期"", ""外汇远期结售汇"", ""期权"", ""欧元"", ""美元"", ""货币互换""]"
600370,三房巷,商品+外汇,基础化工,民企,2,2025-12-02,"[""MEG"", ""PTA"", ""PX"", ""乙二醇（MEG）"", ""其他"", ""外汇掉期"", ""外汇期权"", ""外汇远期"", ""对二甲苯（PX）"", ""期权"", ""期货"", ""瓶级聚酯切片(PET)"", ""瓶级聚酯切片（PET）"", ""精对苯二甲酸（PTA）""]"
600373,中文传媒,外汇,传媒,地方国企,1,2025-12-09,"[""外汇远期"", ""美元""]"
600378,昊华科技,外汇,基础化工,央企,1,2025-10-30,"[""其他"", ""利率互换"", ""利率掉期"", ""外汇掉期"", ""外汇期权"", ""期权"", ""欧元"", ""美元"", ""远期结售汇""]"
600380,健康元,商品+外汇,医药生物,民企,2,2025-10-25,"[""其他"", ""外汇掉期"", ""外汇远期"", ""期权"", ""期货"", ""玉米淀粉"", ""白糖"", ""美元"", ""豆油"", ""货币互换""]"
600388,龙净环保,商品,环保,地方国企,1,2025-10-18,"[""期权"", ""期货"", ""碳酸锂"", ""阴极铜""]"
600389,江山股份,外汇,基础化工,地方国企,1,2025-07-29,"[""其他"", ""利率互换"", ""外汇掉期"", ""外汇远期"", ""期权"", ""欧元"", ""澳元"", ""美元"", ""远期结售汇""]"
600406,国电南瑞,外汇,电力设备,央企,1,2024-12-24,"[""欧元"", ""美元"", ""远期结售汇""]"
600409,三友化工,商品,基础化工,地方国企,1,2025-10-29,"[""PVC"", ""工业硅"", ""期货"", ""烧碱"", ""纯碱""]"
600428,中远海特,外汇,交通运输,央企,1,2025-03-28,"[""外汇远期"", ""日元"", ""美元""]"
600438,通威股份,商品+外汇,电力设备,民企,1,2024-12-31,"[""PVC"", ""人民币"", ""场外衍生品"", ""多晶硅"", ""工业硅"", ""期权"", ""期货"", ""欧元"", ""油脂"", ""玉米"", ""白银"", ""美元"", ""菜粕"", ""豆粕"", ""远期"", ""铜"", ""铝"", ""锡""]"
600458,时代新材,外汇,综合,央企,1,2025-04-30,"[""外汇掉期"", ""外汇期权"", ""外汇远期"", ""欧元"", ""美元""]"
600460,士兰微,外汇,电子,民企,1,2025-12-13,"[""其他"", ""利率互换"", ""外汇掉期"", ""外汇期权"", ""期权"", ""美元"", ""远期结售汇""]"
600468,百利电气,商品,电力设备,地方国企,1,2024-12-21,"[""期货"", ""铜"", ""铝""]"
600478,科力远,商品,电力设备,民企,1,2025-04-29,"[""期货"", ""碳酸锂"", ""镍""]"
600480,凌云股份,外汇,汽车,央企,1,2025-04-29,"[""外汇远期"", ""美元""]"
600482,中国动力,外汇,电力设备,央企,1,2025-04-26,"[""远期结售汇""]"
600486,扬农化工,外汇,基础化工,央企,1,2025-03-25,"[""外汇远期""]"
600487,亨通光电,商品+外汇,通信,民企,2,2024-12-10,"[""期权"", ""期货"", ""螺纹钢"", ""远期结售汇"", ""铅"", ""铜"", ""铝"", ""锡""]"
600489,中金黄金,商品,有色金属,央企,1,2025-04-30,"[""期货"", ""金"", ""铜"", ""银"", ""镍""]"
600490,鹏欣资源,商品+外汇,有色金属,民企,1,2025-12-11,"[""不锈钢"", ""利率互换"", ""外汇掉期"", ""外汇远期"", ""期权"", ""期货"", ""橡胶"", ""热卷"", ""焦炭"", ""焦煤"", ""白银"", ""硅铁"", ""螺纹钢"", ""货币互换"", ""铅"", ""铜"", ""铝"", ""锌"", ""锡"", ""锰硅"", ""镍"", ""阴极铜"", ""黄金""]"
600497,驰宏锌锗,商品,有色金属,央企,1,2025-03-28,"[""期权"", ""期货"", ""白银"", ""铅"", ""锌""]"
600498,烽火通信,外汇,通信,央企,1,2025-04-26,"[""利率互换"", ""外汇掉期"", ""外汇远期"", ""货币互换"", ""远期结售汇""]"
600499,科达制造,外汇,轻工制造,民企,1,2025-03-27,"[""利率互换"", ""场外衍生品"", ""外汇掉期"", ""外汇远期"", ""期权"", ""货币互换"", ""远期结售汇""]"
600502,安徽建工,商品,建筑装饰,地方国企,1,2025-07-19,"[""期货"", ""钢材""]"
600510,黑牡丹,外汇,房地产,地方国企,1,2025-08-26,"[""外汇期权"", ""期权"", ""美元"", ""远期结售汇""]"
600521,华海药业,外汇,医药生物,民企,1,2025-04-30,"[""利率互换"", ""场外衍生品"", ""外汇掉期"", ""外汇期权"", ""外汇远期"", ""期权"", ""期货"", ""货币互换"", ""远期结售汇""]"
600522,中天科技,商品+外汇,通信,民企,2,2025-05-22,"[""其他"", ""外汇掉期"", ""外汇期权"", ""外汇远期"", ""期货"", ""欧元"", ""澳元"", ""碳酸锂"", ""美元"", ""铅"", ""铜"", ""铝""]"
600525,长园集团,外汇,电力设备,其他,1,2025-04-29,"[""美元"", ""远期结售汇""]"
600531,豫光金铅,商品+外汇,有色金属,地方国企,1,2025-09-30,"[""其他"", ""场外衍生品"", ""外汇掉期"", ""期权"", ""期货"", ""电解铅"", ""白银"", ""美元"", ""远期结售汇"", ""金"", ""铅"", ""铜"", ""铝"", ""银"", ""锌"", ""锡"", ""阴极铜"", ""黄金""]"
600537,亿晶光电,商品+外汇,电力设备,民企,1,2025-08-26,"[""其他"", ""利率互换"", ""场外衍生品"", ""外汇掉期"", ""外汇远期"", ""日元"", ""期权"", ""期货"", ""欧元"", ""美元"", ""远期结售汇""]"
600540,新赛股份,商品,农林牧渔,地方国企,1,2025-10-25,"[""期权"", ""期货"", ""棉纱"", ""棉花"", ""豆油"", ""豆粕""]"
600545,卓郎智能,外汇,机械设备,民企,1,2025-04-29,"[""其他"", ""利率互换"", ""外汇掉期"", ""期权"", ""欧元"", ""瑞郎"", ""美元"", ""远期结售汇""]"
600547,山东黄金,商品,有色金属,地方国企,1,2025-03-28,"[""其他"", ""场外衍生品"", ""期权"", ""期货"", ""白银"", ""远期"", ""黄金""]"
600549,厦门钨业,外汇,有色金属,地方国企,1,2025-02-26,"[""欧元"", ""美元"", ""远期结售汇""]"
600550,保变电气,商品,电力设备,央企,1,2025-10-01,"[""期货"", ""铜""]"
600567,山鹰国际,商品+外汇,轻工制造,民企,2,2025-04-30,"[""人民币"", ""利率互换"", ""动力煤"", ""外汇掉期"", ""期权"", ""期货"", ""欧元"", ""淀粉"", ""纸浆"", ""美元"", ""远期结售汇""]"
600579,中化装备,外汇,机械设备,央企,1,2025-04-30,"[""利率互换"", ""利率掉期"", ""利率期权"", ""外汇掉期"", ""外汇期权"", ""远期结售汇""]"
600580,卧龙电驱,商品,电力设备,民企,1,2025-04-26,"[""期货"", ""铅"", ""铜""]"
600584,长电科技,外汇,电子,央企,1,2025-04-21,"[""利率互换"", ""远期结售汇""]"
600595,中孚实业,商品+外汇,有色金属,外资,2,2024-12-04,"[""其他"", ""外汇掉期"", ""外汇期权"", ""期权"", ""期货"", ""氧化铝"", ""远期结售汇"", ""铝""]"
600596,新安股份,商品,基础化工,民企,1,2025-04-30,"[""场外衍生品"", ""工业硅"", ""期权"", ""期货"", ""煤炭"", ""甲醇""]"
600597,光明乳业,外汇,食品饮料,地方国企,1,2025-09-29,"[""人民币"", ""利率互换"", ""外汇远期"", ""新西兰元"", ""欧元"", ""澳元"", ""美元""]"
600601,方正科技,商品+外汇,电子,地方国企,2,2025-11-27,"[""其他"", ""外汇掉期"", ""外汇远期"", ""期权"", ""期货"", ""美元"", ""货币互换"", ""远期结售汇"", ""铜"", ""黄金""]"
600619,海立股份,外汇,家用电器,地方国企,1,2025-04-30,"[""外汇掉期"", ""日元"", ""欧元"", ""美元"", ""货币互换"", ""远期结售汇""]"
600626,申达股份,商品+外汇,汽车,地方国企,1,2025-07-01,"[""人民币"", ""利率互换"", ""南非兰特"", ""场外衍生品"", ""墨西哥比索"", ""外汇掉期"", ""外汇远期"", ""捷克克朗"", ""日元"", ""期权"", ""欧元"", ""美元"", ""英镑"", ""货币互换"", ""远期结售汇""]"
600630,龙头股份,外汇,纺织服饰,地方国企,1,2025-05-31,"[""外汇掉期"", ""期权"", ""远期结售汇""]"
600641,先导基电,商品+外汇,电子,民企,1,2025-12-02,"[""场外衍生品"", ""期权"", ""期货"", ""远期"", ""金"", ""铅"", ""铜"", ""银"", ""锑""]"
600660,福耀玻璃,外汇,汽车,外资,1,2025-10-17,"[""其他"", ""利率互换"", ""场外衍生品"", ""外汇掉期"", ""外汇远期"", ""期权"", ""欧元"", ""美元"", ""货币互换"", ""远期结售汇""]"
600673,东阳光,商品,综合,民企,1,2025-04-10,"[""期货"", ""碳酸锂"", ""铝锭""]"
600685,中船防务,外汇,国防军工,央企,1,2025-03-29,"[""外汇掉期"", ""外汇远期"", ""期权"", ""远期结售汇""]"
600686,金龙汽车,外汇,汽车,地方国企,1,2025-04-26,"[""外汇掉期"", ""外汇远期"", ""期权""]"
600688,上海石化,商品+外汇,石油石化,央企,1,2025-03-20,"[""乙二醇"", ""原油"", ""场外衍生品"", ""对二甲苯"", ""柴油"", ""沥青"", ""液化气"", ""石脑油"", ""纯苯"", ""美元"", ""聚丙烯"", ""聚乙烯"", ""航煤"", ""船用燃料油"", ""远期结售汇""]"
600690,海尔智家,商品+外汇,家用电器,集体,2,2025-05-29,"[""其他"", ""利率互换"", ""印尼盾"", ""印度卢比"", ""场外衍生品"", ""塑料"", ""外汇掉期"", ""外汇远期"", ""期权"", ""期货"", ""泰铢"", ""美元"", ""货币互换"", ""远期结售汇"", ""钢材"", ""铜"", ""铝""]"
600699,均胜电子,商品+外汇,汽车,民企,1,2025-12-06,"[""利率互换"", ""场外衍生品"", ""外汇掉期"", ""外汇远期"", ""期权"", ""期货"", ""货币互换"", ""远期结售汇""]"
600704,物产中大,商品+外汇,交通运输,地方国企,2,2025-04-29,"[""其他"", ""农（副）产品"", ""化工"", ""外汇掉期"", ""外汇期权"", ""期权"", ""期货"", ""矿产品"", ""能源"", ""远期结售汇"", ""金属""]"
600710,苏美达,商品+外汇,商贸零售,央企,1,2025-04-12,"[""动力煤"", ""原油"", ""外汇远期"", ""日元"", ""期货"", ""棉花"", ""欧元"", ""沥青"", ""热卷"", ""焦炭"", ""焦煤"", ""玉米"", ""美元"", ""螺纹钢"", ""远期结售汇"", ""铁矿石""]"
600711,ST盛屯,商品+外汇,有色金属,民企,2,2025-03-25,"[""其他"", ""利率互换"", ""外汇掉期"", ""外汇远期"", ""有色金属"", ""期权"", ""期货"", ""货币互换"", ""贵金属"", ""远期结售汇""]"
600732,爱旭股份,商品+外汇,电力设备,民企,1,2025-12-11,"[""利率互换"", ""外汇掉期"", ""外汇远期"", ""期权"", ""期货"", ""欧元"", ""港元"", ""白银"", ""美元"", ""货币互换"", ""远期结售汇"", ""铝""]"
600737,中粮糖业,商品+外汇,农林牧渔,央企,1,2025-04-25,"[""原糖"", ""期权"", ""期货"", ""欧元"", ""白糖"", ""美元"", ""远期结售汇""]"
600739,辽宁成大,商品+外汇,医药生物,其他,2,2025-08-30,"[""场外衍生品"", ""外汇远期"", ""大豆"", ""日元"", ""期权"", ""期货"", ""热轧卷板"", ""玉米"", ""线材"", ""美元"", ""螺纹钢"", ""远期结售汇""]"
600741,华域汽车,外汇,汽车,地方国企,1,2025-04-29,"[""外汇远期"", ""远期结售汇""]"
600745,闻泰科技,外汇,电子,民企,1,2025-04-26,"[""其他"", ""利率互换"", ""外汇掉期"", ""期权"", ""期货"", ""欧元"", ""港元"", ""美元"", ""远期结售汇""]"
600751,海航科技,外汇,交通运输,其他,2,2025-09-30,"[""其他"", ""利率互换"", ""场外衍生品"", ""外汇掉期"", ""外汇远期"", ""期权"", ""货币互换"", ""远期结售汇""]"
600753,*ST海钦,商品,交通运输,民企,1,2025-06-10,"[""场外衍生品"", ""期权"", ""期货"", ""液化石油气""]"
600755,厦门国贸,商品+外汇,交通运输,地方国企,2,2025-01-03,"[""互换"", ""其他"", ""农产品"", ""利率互换"", ""化工"", ""外汇掉期"", ""外汇远期"", ""天然橡胶"", ""掉期"", ""日元"", ""有色金属"", ""期权"", ""期货"", ""欧元"", ""港币"", ""矿产品"", ""纸浆"", ""美元"", ""能源化工"", ""货币互换"", ""金属"", ""钢材"", ""铁矿""]"
600761,安徽合力,外汇,机械设备,地方国企,1,2025-12-27,"[""期权"", ""欧元"", ""美元"", ""远期结售汇""]"
600768,宁波富邦,商品+外汇,电力设备,民企,1,2025-12-18,"[""其他"", ""场外衍生品"", ""期权"", ""期货"", ""铜"", ""银""]"
600777,ST新潮,商品,石油石化,其他,1,2025-07-05,"[""原油"", ""场外衍生品"", ""天然气"", ""期权"", ""期货""]"
600787,中储股份,商品,交通运输,央企,1,2024-12-31,"[""期货"", ""硅铁"", ""铅"", ""铜"", ""铝"", ""锌"", ""锡"", ""锰硅"", ""镍""]"
600794,保税科技,商品+外汇,交通运输,地方国企,1,2025-02-13,"[""期权"", ""期货"", ""美元"", ""远期结售汇""]"
600800,渤海化学,外汇,石油石化,地方国企,1,2025-04-23,"[""外汇远期"", ""美元"", ""货币掉期""]"
600801,华新水泥,外汇,建筑材料,外资,1,2024-12-21,"[""其他"", ""外汇掉期"", ""外汇远期""]"
600803,新奥股份,商品+外汇,公用事业,民企,2,2024-12-11,"[""BRENT原油"", ""Henry Hub天然气"", ""JCC原油"", ""JKM天然气"", ""TTF天然气"", ""乙二醇"", ""利率互换"", ""场外衍生品"", ""塑料"", ""外汇掉期"", ""期权"", ""期货"", ""甲醇"", ""美元"", ""聚丙烯"", ""远期结售汇""]"
600815,厦工股份,外汇,机械设备,地方国企,1,2025-02-26,"[""远期结售汇""]"
600817,宇通重工,外汇,环保,民企,1,2025-04-09,"[""外汇期权"", ""期权"", ""美元"", ""远期结售汇""]"
600819,耀皮玻璃,商品+外汇,建筑材料,地方国企,1,2025-05-24,"[""利率互换"", ""场外衍生品"", ""外汇掉期"", ""外汇期权"", ""外汇远期"", ""期权"", ""期货"", ""欧元"", ""美元"", ""货币互换"", ""远期结售汇""]"
600839,四川长虹,外汇,家用电器,地方国企,1,2025-05-24,"[""外汇掉期"", ""外汇远期"", ""期权"", ""远期结售汇""]"
600845,宝信软件,外汇,计算机,央企,1,2025-04-01,"[""外汇掉期"", ""外汇远期"", ""日元"", ""欧元"", ""美元""]"
600866,星湖科技,商品+外汇,基础化工,地方国企,2,2025-09-16,"[""场外衍生品"", ""外汇掉期"", ""外汇远期"", ""期权"", ""期货"", ""欧元"", ""玉米"", ""美元""]"
600873,梅花生物,商品+外汇,基础化工,民企,1,2025-12-12,"[""其他"", ""场外衍生品"", ""外汇掉期"", ""外汇远期"", ""新元"", ""日元"", ""期权"", ""期货"", ""欧元"", ""美元""]"
600882,妙可蓝多,外汇,食品饮料,民企,1,2024-12-14,"[""其他"", ""利率互换"", ""场外衍生品"", ""外汇掉期"", ""期权"", ""远期结售汇""]"
600885,宏发股份,外汇,电力设备,民企,1,2025-03-29,"[""场外衍生品"", ""外汇掉期"", ""期权"", ""期货"", ""欧元"", ""港币"", ""美元"", ""货币互换"", ""远期结售汇""]"
600887,伊利股份,商品+外汇,食品饮料,其他,1,2025-04-30,"[""全脂乳粉"", ""利率互换"", ""原奶"", ""场外衍生品"", ""塑料"", ""外汇掉期"", ""外汇远期"", ""无水奶油"", ""期权"", ""期货"", ""棕榈油"", ""白糖"", ""聚酯瓶片"", ""脱脂乳粉"", ""远期结售汇"", ""黄油""]"
600888,新疆众和,商品+外汇,有色金属,民企,1,2025-08-27,"[""利率互换"", ""外汇掉期"", ""外汇远期"", ""日元"", ""期权"", ""期货"", ""欧元"", ""氧化铝"", ""热轧卷板"", ""英镑"", ""螺纹钢"", ""远期结售汇"", ""铝"", ""铸造铝合金""]"
600933,爱柯迪,外汇,汽车,民企,1,2025-03-31,"[""墨西哥比索"", ""外汇期权"", ""日元"", ""林吉特"", ""欧元"", ""美元"", ""远期结售汇""]"
600938,中国海油,商品,石油石化,央企,1,2024-10-29,"[""原油"", ""场外衍生品"", ""天然气"", ""期货""]"
600956,新天绿能,外汇,公用事业,地方国企,1,2025-03-26,"[""外汇掉期"", ""期权"", ""期货"", ""美元"", ""远期结售汇""]"
600960,渤海汽车,外汇,汽车,地方国企,1,2025-04-25,"[""外汇远期"", ""美元"", ""远期结售汇""]"
600961,株冶集团,商品+外汇,有色金属,央企,1,2025-12-09,"[""外汇远期"", ""期货"", ""白银"", ""美元"", ""铅"", ""铜"", ""铝"", ""锌"", ""黄金""]"
600962,国投中鲁,外汇,食品饮料,央企,1,2025-03-29,"[""美元"", ""远期结售汇""]"
600966,博汇纸业,商品,轻工制造,外资,1,2024-12-12,"[""期货"", ""烧碱"", ""纸浆""]"
600970,中材国际,外汇,建筑装饰,央企,1,2025-02-26,"[""外汇掉期"", ""美元"", ""远期结售汇""]"
600981,苏豪汇鸿,商品+外汇,商贸零售,地方国企,2,2025-10-30,"[""利率掉期"", ""利率期权"", ""原木"", ""外汇掉期"", ""外汇期权"", ""期权"", ""期货"", ""欧元"", ""港币"", ""漂针浆"", ""白银"", ""纸浆"", ""美元"", ""远期结售汇"", ""铅"", ""铜"", ""锌"", ""锡"", ""黄金""]"
600983,惠而浦,外汇,家用电器,外资,1,2025-12-12,"[""其他"", ""利率互换"", ""外汇掉期"", ""期权"", ""美元"", ""远期结售汇""]"
600988,赤峰黄金,商品+外汇,有色金属,民企,1,2025-03-29,"[""其他"", ""外汇掉期"", ""外汇远期"", ""期权"", ""期货"", ""白银"", ""美元"", ""铜"", ""锌"", ""黄金""]"
601003,柳钢股份,商品,钢铁,地方国企,1,2025-08-27,"[""其他"", ""期权"", ""期货"", ""焦炭"", ""焦煤"", ""硅铁"", ""硅锰"", ""钢材"", ""铁矿石"", ""铜"", ""锌"", ""镍""]"
601005,重庆钢铁,商品+外汇,钢铁,央企,1,2025-07-01,"[""期货"", ""热卷"", ""美元"", ""货币互换"", ""远期结售汇"", ""铁矿石""]"
601010,文峰股份,商品+外汇,商贸零售,民企,1,2025-09-25,"[""其他"", ""期权"", ""期货""]"
601012,隆基绿能,商品+外汇,电力设备,民企,2,2025-05-27,"[""利率"", ""利率互换"", ""场外衍生品"", ""外汇掉期"", ""外汇远期"", ""多晶硅"", ""日元"", ""期权"", ""期货"", ""欧元"", ""汇率"", ""澳元"", ""白银"", ""美元"", ""英镑"", ""货币互换"", ""远期结售汇"", ""铜"", ""铝"", ""锡""]"
601016,节能风电,商品+外汇,公用事业,央企,1,2025-12-06,"[""利率互换"", ""场外衍生品"", ""外汇掉期"", ""期权"", ""期货"", ""货币互换"", ""远期结售汇""]"
601019,山东出版,商品,传媒,地方国企,1,2025-03-15,"[""期货"", ""纸浆""]"
601058,赛轮轮胎,外汇,汽车,民企,1,2024-12-14,"[""外汇掉期"", ""外汇远期"", ""期权"", ""欧元"", ""美元""]"
601061,中信金属,商品+外汇,商贸零售,央企,2,2025-02-27,"[""场外衍生品"", ""外汇掉期"", ""外汇远期"", ""有色金属"", ""期权"", ""期货"", ""美元"", ""钢材"", ""铁合金"", ""铁矿石"", ""铜"", ""铝""]"
601068,中铝国际,外汇,建筑装饰,央企,1,2025-03-29,"[""外汇远期"", ""美元""]"
601069,西部黄金,商品,有色金属,地方国企,1,2025-08-28,"[""期货"", ""黄金""]"
601100,恒立液压,外汇,机械设备,民企,1,2025-04-29,"[""利率互换"", ""场外衍生品"", ""外汇掉期"", ""外汇期权"", ""期权"", ""美元"", ""货币互换"", ""远期结售汇""]"
601113,华鼎股份,外汇,基础化工,民企,1,2025-04-10,"[""外汇掉期"", ""期权"", ""美元"", ""货币互换"", ""远期结售汇""]"
601117,中国化学,外汇,建筑装饰,央企,1,2025-04-30,"[""利率掉期"", ""利率期权"", ""利率远期"", ""外汇掉期"", ""外汇期权"", ""外汇远期""]"
601118,海南橡胶,商品+外汇,农林牧渔,地方国企,1,2025-04-26,"[""农产品"", ""农副产品"", ""新能源"", ""期权"", ""期货"", ""橡胶"", ""黑色系""]"
601137,博威合金,商品,有色金属,民企,1,2026-04-21,"[""期货"", ""铜"", ""锌""]"
601138,工业富联,外汇,电子,外资,1,2025-04-30,"[""利率互换"", ""外汇掉期"", ""外汇远期"", ""期权"", ""货币互换"", ""远期结售汇""]"
601163,三角轮胎,商品+外汇,汽车,民企,1,2025-10-13,"[""其他"", ""场外衍生品"", ""外汇远期"", ""期权"", ""期货"", ""货币互换""]"
601168,西部矿业,商品,有色金属,地方国企,1,2025-04-12,"[""场外衍生品"", ""期货"", ""白银"", ""螺纹钢"", ""铁矿石"", ""铅"", ""铜"", ""铝"", ""锌"", ""镍"", ""黄金""]"
601212,白银有色,商品,有色金属,地方国企,1,2025-03-18,"[""期权"", ""期货"", ""白银"", ""铅"", ""铜"", ""锌"", ""黄金""]"
601216,君正集团,外汇,基础化工,民企,1,2025-04-26,"[""利率互换"", ""外汇掉期"", ""外汇远期"", ""期权"", ""货币互换""]"
601222,林洋能源,外汇,电力设备,民企,1,2025-04-26,"[""其他"", ""利率互换"", ""利率掉期"", ""外汇掉期"", ""外汇期权"", ""外汇远期"", ""货币互换""]"
601231,环旭电子,外汇,电子,外资,1,2025-08-27,"[""人民币"", ""台币"", ""墨西哥比索"", ""外汇掉期"", ""外汇远期"", ""日元"", ""欧元"", ""波兰兹罗提"", ""美元""]"
601233,桐昆股份,商品+外汇,基础化工,民企,2,2025-04-26,"[""MEG"", ""PTA"", ""PX"", ""其他"", ""利率互换"", ""外汇掉期"", ""外汇远期"", ""期权"", ""期货"", ""欧元"", ""美元"", ""货币互换"", ""远期结售汇""]"
601238,广汽集团,外汇,汽车,地方国企,1,2025-03-29,"[""外汇掉期"", ""外汇远期"", ""期权""]"
601311,骆驼股份,商品+外汇,电力设备,民企,1,2025-11-15,"[""其他"", ""原材料"", ""场外衍生品"", ""外汇掉期"", ""外汇期权"", ""外汇远期"", ""期权"", ""期货"", ""碳酸锂"", ""美元"", ""远期结售汇"", ""铅"", ""锡""]"
601388,怡球资源,商品,有色金属,外资,1,2025-11-15,"[""其他"", ""有色金属"", ""期权"", ""期货"", ""远期"", ""铝合金锭"", ""黑色金属""]"
601399,国机重装,外汇,未分类,其他,1,2025-01-14,"[""外汇远期""]"
601567,三星医疗,商品+外汇,电力设备,外资,1,2025-08-22,"[""场外衍生品"", ""外汇掉期"", ""外汇远期"", ""期权"", ""期货"", ""欧元"", ""美元"", ""货币互换"", ""铜""]"
601568,北元集团,商品,基础化工,地方国企,1,2025-04-24,"[""期权"", ""期货"", ""烧碱"", ""聚氯乙烯""]"
601607,上海医药,外汇,医药生物,地方国企,1,2025-03-28,"[""人民币"", ""其他"", ""外汇掉期"", ""外汇远期"", ""新西兰元"", ""日元"", ""期权"", ""欧元"", ""港币"", ""澳大利亚元"", ""美元"", ""英镑"", ""货币互换""]"
601608,中信重工,外汇,机械设备,央企,1,2025-09-24,"[""外汇掉期"", ""外汇远期"", ""欧元"", ""澳元"", ""美元"", ""货币互换""]"
601609,金田股份,商品+外汇,有色金属,民企,2,2025-08-19,"[""互换"", ""其他"", ""利率互换"", ""场外衍生品"", ""外汇掉期"", ""外汇远期"", ""期权"", ""期货"", ""美元"", ""货币互换"", ""远期"", ""远期结售汇"", ""铜"", ""锌""]"
601615,明阳智能,外汇,电力设备,外资,1,2025-04-26,"[""利率互换"", ""利率掉期"", ""利率期权"", ""场外衍生品"", ""外汇掉期"", ""外汇期权"", ""远期结售汇""]"
601633,长城汽车,外汇,汽车,民企,1,2025-08-30,"[""其他"", ""利率互换"", ""利率掉期"", ""利率期权"", ""外汇掉期"", ""外汇期权"", ""期权"", ""货币互换"", ""远期结售汇""]"
601636,旗滨集团,商品+外汇,建筑材料,民企,1,2025-04-25,"[""其他"", ""利率互换"", ""场外衍生品"", ""外汇掉期"", ""期权"", ""期货"", ""玻璃"", ""白银"", ""纯碱"", ""美元"", ""货币互换"", ""远期结售汇"", ""锡"", ""马来西亚林吉特""]"
601666,平煤股份,商品,煤炭,地方国企,1,2025-08-28,"[""期货"", ""焦炭"", ""焦煤""]"
601677,明泰铝业,商品,有色金属,民企,1,2025-04-23,"[""期货"", ""铝锭""]"
601678,滨化股份,商品+外汇,基础化工,其他,1,2025-01-16,"[""期权"", ""期货"", ""液化石油气"", ""烧碱"", ""甲醇"", ""聚丙烯""]"
601686,友发集团,商品+外汇,钢铁,民企,1,2025-12-11,"[""不锈钢"", ""利率互换"", ""场外衍生品"", ""外汇远期"", ""期权"", ""期货"", ""热轧卷板"", ""焦炭"", ""焦煤"", ""硅铁"", ""硅锰"", ""螺纹"", ""货币互换"", ""铁矿"", ""锌锭""]"
601689,拓普集团,外汇,汽车,外资,1,2025-04-24,"[""其他"", ""利率互换"", ""墨西哥比索"", ""外汇掉期"", ""巴西雷亚尔"", ""期权"", ""欧元"", ""美元"", ""货币互换"", ""远期结售汇""]"
601700,风范股份,商品+外汇,电力设备,地方国企,2,2025-08-29,"[""期权"", ""期货"", ""欧元"", ""澳元"", ""美元"", ""远期结售汇""]"
601702,华峰铝业,商品+外汇,有色金属,民企,2,2025-12-16,"[""其他"", ""利率互换"", ""外汇掉期"", ""外汇期权"", ""外汇远期"", ""期权"", ""期货"", ""欧元"", ""美元"", ""远期结售汇"", ""铝锭""]"
601717,郑煤机,商品+外汇,机械设备,其他,1,2025-03-29,"[""人民币"", ""匈牙利福林"", ""印度卢比"", ""墨西哥比索"", ""外汇远期"", ""巴西雷亚尔"", ""期权"", ""期货"", ""欧元"", ""美元"", ""钢材"", ""铜"", ""铝""]"
601766,中国中车,外汇,机械设备,央企,1,2025-03-29,"[""利率互换"", ""墨西哥比索"", ""外汇掉期"", ""外汇远期"", ""欧元"", ""美元""]"
601778,晶科科技,商品+外汇,公用事业,民企,1,2025-11-26,"[""其他"", ""利率互换"", ""场外衍生品"", ""期权"", ""期货"", ""欧元"", ""货币互换"", ""货币掉期"", ""远期结售汇""]"
601798,蓝科高新,外汇,机械设备,央企,1,2025-04-19,"[""远期结售汇""]"
601858,中国科传,外汇,传媒,央企,1,2025-12-13,"[""利率互换"", ""外汇掉期"", ""期权"", ""美元"", ""远期结售汇""]"
601865,福莱特,商品+外汇,电力设备,民企,1,2025-10-28,"[""其他"", ""场外衍生品"", ""外汇掉期"", ""外汇远期"", ""日元"", ""期权"", ""期货"", ""欧元"", ""港币"", ""澳元"", ""美元"", ""英镑""]"
601869,长飞光纤,商品+外汇,通信,其他,1,2025-03-29,"[""其他"", ""利率掉期"", ""外汇掉期"", ""期权"", ""期货"", ""远期结售汇"", ""铅"", ""铜""]"
601877,正泰电器,商品+外汇,电力设备,民企,2,2025-04-30,"[""其他"", ""场外衍生品"", ""外汇掉期"", ""外汇远期"", ""期权"", ""期货"", ""欧元"", ""电解铜"", ""白银"", ""美元"", ""货币互换"", ""铜""]"
601882,海天精工,外汇,机械设备,民企,1,2025-10-31,"[""利率互换"", ""利率掉期"", ""利率期权"", ""场外衍生品"", ""外汇掉期"", ""外汇期权"", ""期权"", ""货币互换"", ""远期结售汇""]"
601899,紫金矿业,商品+外汇,有色金属,地方国企,1,2025-03-22,"[""其他"", ""利率互换"", ""场外衍生品"", ""外汇掉期"", ""外汇远期"", ""期权"", ""期货"", ""美元"", ""货币互换"", ""金"", ""铜"", ""银"", ""锌"", ""黄金""]"
601952,苏垦农发,商品,农林牧渔,地方国企,1,2025-04-23,"[""尿素"", ""期货"", ""菜油"", ""菜籽"", ""菜粕"", ""豆油""]"
601966,玲珑轮胎,外汇,汽车,民企,1,2025-04-25,"[""其他"", ""外汇掉期"", ""期权"", ""货币互换"", ""远期结售汇""]"
601969,海南矿业,商品+外汇,钢铁,民企,1,2025-01-01,"[""其他"", ""场外衍生品"", ""外汇掉期"", ""期货"", ""氢氧化锂"", ""石油"", ""美元"", ""远期结售汇"", ""铁矿石""]"
601989,中国重工,外汇,未分类,其他,1,2025-01-25,"[""外汇掉期"", ""外汇远期"", ""期权""]"
601992,金隅集团,商品+外汇,建筑材料,地方国企,1,2025-03-29,"[""其他"", ""动力煤"", ""场外衍生品"", ""外汇掉期"", ""期货"", ""焦煤"", ""美元"", ""远期结售汇"", ""钢材"", ""铁矿石"", ""铜""]"
601996,丰林集团,商品,农林牧渔,外资,1,2025-08-15,"[""中纤板"", ""尿素"", ""期货"", ""甲醇"", ""纤维板""]"
603004,鼎龙科技,外汇,基础化工,民企,1,2025-08-30,"[""其他"", ""场外衍生品"", ""外汇掉期"", ""期权"", ""期货"", ""欧元"", ""美元"", ""货币互换"", ""远期结售汇""]"
603005,晶方科技,外汇,电子,其他,1,2025-04-19,"[""美元"", ""远期结售汇""]"
603008,喜临门,商品+外汇,轻工制造,民企,1,2025-11-11,"[""其他"", ""场外衍生品"", ""外汇掉期"", ""外汇期权"", ""外汇远期"", ""期权"", ""期货"", ""远期结售汇""]"
603010,万盛股份,商品+外汇,基础化工,民企,1,2025-11-11,"[""利率互换"", ""场外衍生品"", ""外汇掉期"", ""外汇期权"", ""外汇远期"", ""期权"", ""期货"", ""欧元"", ""美元"", ""远期结售汇""]"
603013,亚普股份,外汇,汽车,央企,1,2025-04-04,"[""外汇远期"", ""美元""]"
603020,爱普股份,商品+外汇,基础化工,民企,1,2025-08-29,"[""利率互换"", ""场外衍生品"", ""外汇掉期"", ""外汇远期"", ""期权"", ""欧元"", ""美元"", ""货币互换"", ""远期结售汇""]"
603026,石大胜华,商品,电力设备,地方国企,1,2025-08-14,"[""期货"", ""碳酸锂""]"
603027,千禾味业,商品,食品饮料,民企,1,2025-12-30,"[""大豆"", ""小麦"", ""期货"", ""白糖""]"
603038,华立股份,外汇,建筑材料,民企,1,2025-04-25,"[""欧元"", ""美元"", ""远期结售汇""]"
603040,新坐标,外汇,汽车,民企,1,2025-04-29,"[""利率互换"", ""外汇掉期"", ""外汇期权"", ""欧元"", ""美元"", ""远期结售汇""]"
603041,美思德,商品+外汇,基础化工,民企,1,2025-10-30,"[""其他"", ""期权"", ""期货"", ""欧元"", ""美元"", ""远期结售汇""]"
603049,中策橡胶,商品+外汇,汽车,民企,2,2025-07-26,"[""其他"", ""利率互换"", ""合成橡胶"", ""外汇掉期"", ""天然橡胶"", ""期货"", ""美元"", ""远期结售汇""]"
603050,科林电气,商品+外汇,电力设备,其他,1,2025-12-12,"[""其他"", ""期权"", ""期货""]"
603051,鹿山新材,商品,基础化工,民企,1,2025-03-01,"[""场外衍生品"", ""期权"", ""期货"", ""聚丙烯"", ""聚乙烯""]"
603052,可川科技,外汇,电子,民企,1,2025-10-31,"[""外汇掉期"", ""外汇期权"", ""期权"", ""美元"", ""货币互换"", ""远期结售汇""]"
603055,台华新材,外汇,纺织服饰,外资,1,2025-12-11,"[""其他"", ""利率互换"", ""场外衍生品"", ""外汇掉期"", ""外汇远期"", ""期权"", ""期货"", ""货币互换"", ""远期结售汇""]"
603057,紫燕食品,商品+外汇,食品饮料,民企,1,2025-08-23,"[""其他"", ""场外衍生品"", ""外汇掉期"", ""期权"", ""期货"", ""澳元"", ""美元"", ""货币互换"", ""远期结售汇""]"
603059,倍加洁,外汇,美容护理,民企,1,2025-04-30,"[""外汇掉期"", ""外汇期权"", ""欧元"", ""美元"", ""远期结售汇""]"
603065,宿迁联盛,外汇,基础化工,民企,1,2025-08-28,"[""利率掉期"", ""利率期权"", ""场外衍生品"", ""外汇掉期"", ""外汇期权"", ""货币互换"", ""货币掉期"", ""远期结售汇""]"
603071,物产环能,商品+外汇,公用事业,地方国企,2,2025-04-22,"[""利率互换"", ""动力煤"", ""外汇掉期"", ""外汇远期"", ""期权"", ""期货"", ""焦煤"", ""货币互换"", ""远期结售汇""]"
603075,热威股份,商品+外汇,家用电器,民企,2,2025-04-09,"[""期货"", ""欧元"", ""美元"", ""远期结售汇"", ""铜"", ""镍""]"
603076,乐惠国际,外汇,机械设备,民企,1,2025-04-25,"[""外汇掉期"", ""期权"", ""欧元"", ""美元"", ""英镑"", ""远期结售汇""]"
603081,大丰实业,外汇,机械设备,外资,1,2025-10-30,"[""其他"", ""外汇掉期"", ""外汇远期"", ""期权"", ""货币互换""]"
603083,剑桥科技,外汇,通信,外资,1,2025-05-29,"[""外汇掉期"", ""外汇远期"", ""期权"", ""期货""]"
603086,先达股份,外汇,基础化工,民企,1,2025-04-23,"[""利率互换"", ""场外衍生品"", ""外汇掉期"", ""期权"", ""美元"", ""远期结售汇""]"
603089,正裕工业,外汇,汽车,民企,1,2025-07-19,"[""利率互换"", ""外汇掉期"", ""外汇远期"", ""期权"", ""美元"", ""货币互换"", ""远期结售汇""]"
603091,众鑫股份,外汇,轻工制造,民企,1,2025-10-30,"[""其他"", ""利率互换"", ""利率掉期"", ""利率期权"", ""场外衍生品"", ""外汇掉期"", ""外汇期权"", ""期权"", ""欧元"", ""美元"", ""货币互换"", ""远期结售汇""]"
603097,江苏华辰,外汇,电力设备,民企,1,2026-04-24,"[""其他"", ""外汇掉期"", ""期权"", ""美元"", ""货币互换"", ""远期结售汇""]"
603112,华翔股份,外汇,家用电器,民企,1,2025-04-18,"[""远期结售汇""]"
603113,金能科技,商品+外汇,基础化工,民企,2,2025-03-22,"[""丙烯"", ""丙烷"", ""利率互换"", ""外汇掉期"", ""期权"", ""期货"", ""焦炭"", ""焦煤"", ""美元"", ""聚丙烯"", ""远期结售汇""]"
603118,共进股份,外汇,通信,地方国企,1,2025-04-29,"[""欧元"", ""港币"", ""美元"", ""越南盾"", ""远期结售汇"", ""韩元""]"
603121,华培动力,商品+外汇,汽车,民企,1,2025-10-30,"[""其他"", ""外汇掉期"", ""期权"", ""期货"", ""货币互换"", ""远期结售汇""]"
603124,江南新材,商品+外汇,有色金属,民企,1,2025-04-29,"[""其他"", ""利率互换"", ""商品"", ""场外衍生品"", ""外汇掉期"", ""外汇远期"", ""期权"", ""期货"", ""货币互换"", ""远期结售汇"", ""铜""]"
603129,春风动力,外汇,汽车,民企,1,2025-10-22,"[""欧元"", ""美元"", ""远期结售汇""]"
603131,上海沪工,外汇,机械设备,民企,1,2025-04-25,"[""场外衍生品"", ""外汇掉期"", ""外汇期权"", ""外汇远期"", ""期权"", ""欧元"", ""港币"", ""美元"", ""远期结售汇"", ""韩元""]"
603150,万朗磁塑,商品+外汇,家用电器,民企,1,2025-08-28,"[""其他"", ""兹罗提"", ""利率互换"", ""印尼盾"", ""场外衍生品"", ""埃及镑"", ""塞尔维亚第纳尔"", ""墨西哥比索"", ""外汇掉期"", ""外汇远期"", ""期权"", ""期货"", ""欧元"", ""泰铢"", ""美元"", ""货币互换"", ""越南盾"", ""远期结售汇"", ""里拉"", ""雷亚尔"", ""韩元""]"
603155,新亚强,外汇,基础化工,地方国企,1,2025-08-28,"[""其他"", ""利率互换"", ""利率掉期"", ""场外衍生品"", ""外汇掉期"", ""外汇期权"", ""外汇远期"", ""美元""]"
603156,养元饮品,商品,食品饮料,民企,1,2025-04-26,"[""期货"", ""白糖""]"
603160,汇顶科技,商品+外汇,电子,民企,1,2025-09-13,"[""其他"", ""场外衍生品"", ""外汇掉期"", ""外汇远期"", ""期权"", ""期货"", ""美元""]"
603162,海通发展,外汇,交通运输,民企,1,2025-06-14,"[""利率互换"", ""场外衍生品"", ""外汇掉期"", ""外汇远期"", ""美元"", ""货币互换"", ""远期结售汇""]"
603168,莎普爱思,商品+外汇,医药生物,民企,1,2025-08-30,"[""利率互换"", ""外汇掉期"", ""外汇远期"", ""期权"", ""期货"", ""远期结售汇""]"
603177,德创环保,商品+外汇,环保,外资,1,2025-04-29,"[""不锈钢"", ""期货"", ""热卷"", ""美元"", ""螺纹钢""]"
603178,圣龙股份,外汇,汽车,民企,1,2025-04-29,"[""远期结售汇""]"
603182,嘉华股份,商品+外汇,农林牧渔,地方国企,1,2025-10-14,"[""利率互换"", ""场外衍生品"", ""外汇远期"", ""大豆"", ""掉期"", ""期权"", ""期货"", ""货币互换"", ""远期""]"
603185,弘元绿能,商品+外汇,电力设备,民企,2,2025-09-06,"[""其他"", ""场外衍生品"", ""外汇掉期"", ""外汇期权"", ""外汇远期"", ""多晶硅"", ""工业硅"", ""日元"", ""期权"", ""期货"", ""欧元"", ""美元"", ""英镑"", ""铅"", ""铜"", ""铝"", ""银"", ""锡""]"
603186,华正新材,外汇,电子,民企,1,2025-10-25,"[""远期结售汇""]"
603187,海容冷链,外汇,机械设备,民企,1,2025-04-25,"[""利率互换"", ""场外衍生品"", ""外汇掉期"", ""外汇远期"", ""期权"", ""美元"", ""货币互换"", ""远期结售汇""]"
603191,望变电气,外汇,电力设备,民企,1,2025-12-11,"[""欧元"", ""美元"", ""远期结售汇""]"
603194,中力股份,外汇,机械设备,民企,1,2025-04-25,"[""其他"", ""利率互换"", ""场外衍生品"", ""外汇掉期"", ""日元"", ""期权"", ""欧元"", ""美元"", ""货币互换"", ""远期结售汇""]"
603195,公牛集团,外汇,轻工制造,民企,1,2025-04-25,"[""其他"", ""利率互换"", ""外汇掉期"", ""外汇远期"", ""期权"", ""货币互换""]"
603201,常润股份,外汇,机械设备,外资,1,2025-04-29,"[""利率互换"", ""外汇掉期"", ""外汇远期"", ""期权"", ""货币互换""]"
603202,天有为,外汇,汽车,民企,1,2025-05-29,"[""其他"", ""利率互换"", ""外汇掉期"", ""期权"", ""欧元"", ""美元"", ""货币互换"", ""远期结售汇"", ""韩元""]"
603205,健尔康,外汇,医药生物,民企,1,2025-12-30,"[""美元"", ""远期结售汇""]"
603209,兴通股份,商品+外汇,交通运输,民企,1,2025-10-25,"[""其他"", ""利率"", ""利率互换"", ""商品"", ""场外衍生品"", ""外汇远期"", ""指数"", ""期权"", ""汇率"", ""证券"", ""货币"", ""货币互换""]"
603212,赛伍技术,外汇,电力设备,民企,1,2025-04-30,"[""外汇掉期"", ""期权"", ""美元"", ""远期结售汇""]"
603215,比依股份,外汇,家用电器,外资,1,2025-08-26,"[""其他"", ""利率互换"", ""外汇掉期"", ""外汇远期"", ""期权"", ""货币互换""]"
603218,日月股份,外汇,电力设备,民企,1,2025-04-29,"[""日元"", ""欧元"", ""美元"", ""远期结售汇""]"
603219,富佳股份,外汇,家用电器,民企,1,2025-04-26,"[""其他"", ""场外衍生品"", ""外汇掉期"", ""外汇期权"", ""期权"", ""美元"", ""货币互换"", ""远期结售汇""]"
603221,爱丽家居,外汇,轻工制造,民企,1,2025-04-29,"[""利率互换"", ""期权"", ""比索"", ""美元"", ""货币互换"", ""远期结售汇""]"
603225,新凤鸣,商品+外汇,基础化工,民企,2,2025-10-31,"[""MEG"", ""PTA"", ""PX"", ""其他"", ""利率互换"", ""外汇掉期"", ""外汇远期"", ""期权"", ""期货"", ""欧元"", ""短纤"", ""美元"", ""远期结售汇""]"
603229,奥翔药业,商品+外汇,医药生物,民企,1,2025-10-31,"[""场外衍生品"", ""外汇掉期"", ""外汇远期"", ""期权"", ""期货"", ""美元"", ""远期结售汇""]"
603236,移远通信,外汇,通信,民企,1,2025-04-24,"[""场外衍生品"", ""外汇掉期"", ""外汇期权"", ""美元"", ""货币互换"", ""远期结售汇""]"
603259,药明康德,外汇,医药生物,外资,1,2025-03-18,"[""远期结售汇""]"
603260,合盛硅业,商品+外汇,基础化工,民企,1,2025-11-18,"[""利率互换"", ""场外衍生品"", ""外汇掉期"", ""外汇远期"", ""多晶硅"", ""工业硅"", ""期权"", ""期货"", ""甲醇"", ""电解铜"", ""白银"", ""纯碱"", ""美元"", ""货币互换"", ""远期结售汇"", ""铜""]"
603266,天龙股份,外汇,汽车,民企,1,2025-09-30,"[""其他"", ""利率互换"", ""外汇掉期"", ""外汇期权"", ""期权"", ""远期结售汇""]"
603268,*ST松发,外汇,国防军工,民企,1,2025-06-21,"[""其他"", ""利率"", ""利率互换"", ""外汇掉期"", ""外汇期权"", ""外汇远期"", ""日元"", ""期权"", ""欧元"", ""汇率"", ""美元"", ""货币"", ""远期结售汇""]"
603270,金帝股份,商品+外汇,机械设备,民企,1,2025-08-29,"[""利率掉期"", ""利率期权"", ""场外衍生品"", ""外汇掉期"", ""外汇期权"", ""外汇远期"", ""期权"", ""期货"", ""热轧卷板"", ""货币互换"", ""货币掉期"", ""远期结售汇"", ""铜"", ""铝""]"
603271,永杰新材,商品+外汇,有色金属,民企,2,2025-09-13,"[""其他"", ""利率互换"", ""场外衍生品"", ""外汇远期"", ""扁锭"", ""期权"", ""期货"", ""欧元"", ""美元"", ""货币互换"", ""远期结售汇"", ""铝"", ""铝锭""]"
603273,天元智能,商品,机械设备,民企,1,2025-04-29,"[""期权"", ""期货"", ""热卷""]"
603277,银都股份,商品+外汇,机械设备,民企,2,2025-12-06,"[""不锈钢"", ""其他"", ""利率互换"", ""加元"", ""外汇掉期"", ""外汇期权"", ""外汇远期"", ""日元"", ""期权"", ""期货"", ""欧元"", ""澳元"", ""美元"", ""能化类"", ""英镑"", ""远期结售汇"", ""铜"", ""集运指数""]"
603278,大业股份,商品+外汇,机械设备,民企,1,2025-04-29,"[""期权"", ""期货"", ""盘条""]"
603280,南方路机,外汇,机械设备,民企,1,2025-04-25,"[""其他"", ""利率互换"", ""外汇掉期"", ""外汇期权"", ""外汇远期"", ""期权"", ""美元"", ""货币互换"", ""远期结售汇""]"
603281,江瀚新材,外汇,基础化工,民企,1,2025-04-29,"[""外汇掉期"", ""外汇远期"", ""美元"", ""远期结售汇""]"
603283,赛腾股份,外汇,机械设备,民企,1,2025-04-30,"[""人民币"", ""其他"", ""利率互换"", ""外汇掉期"", ""外汇远期"", ""期权"", ""美元"", ""远期结售汇""]"
603286,日盈电子,外汇,汽车,民企,1,2025-07-01,"[""其他"", ""外汇掉期"", ""外汇远期"", ""期权"", ""港币"", ""美元"", ""远期结售汇""]"
603288,海天味业,外汇,食品饮料,民企,1,2025-08-29,"[""外汇掉期"", ""期权"", ""货币互换"", ""远期结售汇""]"
603289,泰瑞机器,商品+外汇,机械设备,民企,2,2025-08-30,"[""外汇掉期"", ""期权"", ""期货"", ""欧元"", ""美元"", ""远期结售汇""]"
603296,华勤技术,外汇,电子,民企,1,2025-04-24,"[""印度卢比"", ""外汇掉期"", ""外汇期权"", ""美元"", ""远期结售汇""]"
603297,永新光学,外汇,电子,外资,1,2025-10-30,"[""利率互换"", ""外汇掉期"", ""外汇远期"", ""期权"", ""美元"", ""货币互换"", ""远期结售汇""]"
603298,杭叉集团,外汇,机械设备,民企,1,2025-04-18,"[""外汇掉期"", ""外汇远期"", ""美元"", ""远期结售汇""]"
603299,苏盐井神,商品,基础化工,地方国企,1,2025-10-28,"[""动力煤"", ""期权"", ""期货"", ""烧碱"", ""焦炭"", ""焦煤"", ""燃料油"", ""白糖"", ""纯碱"", ""聚乙烯"", ""豆油""]"
603301,振德医疗,商品+外汇,医药生物,民企,1,2025-11-21,"[""其他"", ""利率互换"", ""场外衍生品"", ""外汇掉期"", ""外汇远期"", ""期权"", ""期货"", ""橡胶"", ""欧元"", ""美元"", ""聚丙烯"", ""聚乙烯"", ""英镑"", ""货币互换"", ""远期结售汇""]"
603303,得邦照明,外汇,电子,集体,1,2025-03-08,"[""外汇掉期"", ""外汇远期"", ""期权"", ""美元"", ""远期结售汇""]"
603305,旭升集团,外汇,汽车,地方国企,1,2025-04-25,"[""利率互换"", ""外汇掉期"", ""期权"", ""美元"", ""远期结售汇""]"
603307,扬州金泉,外汇,纺织服饰,民企,1,2025-04-26,"[""欧元"", ""美元"", ""远期结售汇""]"
603309,维力医疗,商品+外汇,医药生物,外资,1,2025-07-31,"[""其他"", ""利率"", ""利率互换"", ""商品"", ""场外衍生品"", ""外汇掉期"", ""外汇远期"", ""指数"", ""期权"", ""期货"", ""汇率"", ""证券"", ""货币"", ""货币互换"", ""远期结售汇""]"
603312,西典新能,外汇,电力设备,外资,1,2025-03-29,"[""其他"", ""场外衍生品"", ""外汇掉期"", ""货币互换"", ""远期结售汇""]"
603313,梦百合,商品+外汇,轻工制造,民企,1,2025-08-26,"[""其他"", ""场外衍生品"", ""外汇掉期"", ""期权"", ""期货"", ""远期结售汇""]"
603320,迪贝电气,商品+外汇,电力设备,民企,1,2025-12-31,"[""期货""]"
603327,福蓉科技,商品+外汇,电子,地方国企,2,2025-09-02,"[""期货"", ""美元"", ""远期结售汇"", ""铝"", ""铝锭""]"
603328,依顿电子,商品+外汇,电子,地方国企,1,2024-11-27,"[""外汇掉期"", ""外汇远期"", ""期权"", ""期货"", ""美元"", ""铜""]"
603329,上海雅仕,商品+外汇,交通运输,地方国企,1,2025-04-24,"[""外汇掉期"", ""外汇远期"", ""期权"", ""欧元"", ""美元"", ""远期结售汇""]"
603331,百达精工,外汇,机械设备,民企,1,2025-04-28,"[""欧元"", ""美元"", ""远期结售汇""]"
603333,尚纬股份,商品,电力设备,民企,1,2025-04-26,"[""期权"", ""期货"", ""铜""]"
603334,丰倍生物,外汇,基础化工,民企,1,2025-12-10,"[""利率互换"", ""外汇掉期"", ""外汇期权"", ""期权"", ""美元"", ""货币互换"", ""远期结售汇""]"
603335,迪生力,商品+外汇,汽车,外资,2,2025-08-27,"[""其他"", ""期货"", ""美元"", ""远期结售汇"", ""铝"", ""锂"", ""镍""]"
603336,宏辉果蔬,商品,农林牧渔,地方国企,1,2025-08-22,"[""期货""]"
603337,杰克科技,外汇,机械设备,民企,1,2025-10-28,"[""利率互换"", ""外汇掉期"", ""外汇期权"", ""期权"", ""欧元"", ""美元"", ""远期结售汇""]"
603338,浙江鼎力,外汇,机械设备,民企,1,2025-07-19,"[""利率互换"", ""外汇掉期"", ""外汇期权"", ""远期结售汇""]"
603339,四方科技,外汇,机械设备,民企,1,2025-10-28,"[""利率互换"", ""外汇掉期"", ""外汇远期"", ""期权"", ""欧元"", ""美元"", ""货币互换"", ""远期结售汇""]"
603341,龙旗科技,外汇,电子,民企,1,2025-02-26,"[""其他"", ""外汇掉期"", ""美元"", ""货币互换"", ""远期结售汇""]"
603350,安乃达,商品+外汇,电力设备,民企,2,2025-04-30,"[""其他"", ""利率互换"", ""场外衍生品"", ""外汇掉期"", ""外汇远期"", ""期权"", ""期货"", ""欧元"", ""美元"", ""货币互换"", ""远期结售汇"", ""铜"", ""铝""]"
603355,莱克电气,外汇,家用电器,民企,1,2025-04-16,"[""其他"", ""利率互换"", ""外汇掉期"", ""期权"", ""欧元"", ""美元"", ""远期结售汇""]"
603363,傲农生物,商品+外汇,农林牧渔,其他,1,2025-06-25,"[""其他"", ""大豆"", ""小麦"", ""期权"", ""期货"", ""油脂"", ""玉米"", ""生猪"", ""菜粕"", ""豆油"", ""豆粕""]"
603367,辰欣药业,商品+外汇,医药生物,民企,1,2025-08-28,"[""其他"", ""利率互换"", ""场外衍生品"", ""外汇掉期"", ""外汇远期"", ""期权"", ""期货"", ""货币互换""]"
603379,三美股份,外汇,基础化工,民企,1,2025-08-23,"[""其他"", ""外汇掉期"", ""期权"", ""美元"", ""货币互换"", ""远期结售汇""]"
603380,易德龙,外汇,电子,民企,1,2025-08-28,"[""外汇掉期"", ""外汇远期"", ""期权"", ""期货"", ""欧元"", ""美元""]"
603381,永臻股份,商品,电力设备,民企,1,2025-04-30,"[""期权"", ""期货"", ""铝"", ""铝锭""]"
603396,金辰股份,外汇,电力设备,民企,1,2025-09-18,"[""利率互换"", ""利率掉期"", ""场外衍生品"", ""外汇掉期"", ""外汇期权"", ""期权"", ""美元"", ""货币互换"", ""远期结售汇""]"
603399,永杉锂业,商品,有色金属,民企,1,2025-08-26,"[""期货"", ""烧碱"", ""碳酸锂"", ""纯碱""]"
603408,建霖家居,外汇,轻工制造,外资,1,2025-04-25,"[""利率互换"", ""外汇掉期"", ""期权"", ""美元"", ""货币互换"", ""远期结售汇""]"
603456,九洲药业,外汇,医药生物,民企,1,2025-10-16,"[""欧元"", ""美元"", ""远期结售汇""]"
603477,巨星农牧,商品,农林牧渔,民企,1,2025-04-26,"[""期权"", ""期货"", ""玉米"", ""生猪"", ""豆油"", ""豆粕""]"
603486,科沃斯,外汇,家用电器,外资,1,2025-04-26,"[""外汇远期"", ""期权"", ""欧元"", ""美元""]"
603507,振江股份,商品+外汇,电力设备,民企,2,2025-08-29,"[""其他"", ""利率互换"", ""场外衍生品"", ""外汇掉期"", ""外汇期权"", ""期权"", ""期货"", ""欧元"", ""热卷"", ""碳酸锂"", ""美元"", ""货币互换"", ""远期结售汇""]"
603519,立霸股份,外汇,家用电器,民企,1,2025-04-18,"[""利率互换"", ""场外衍生品"", ""外汇掉期"", ""外汇远期"", ""期权"", ""货币互换"", ""远期结售汇""]"
603520,司太立,外汇,医药生物,民企,1,2025-10-31,"[""外汇掉期"", ""外汇期权"", ""欧元"", ""美元"", ""货币互换"", ""远期结售汇""]"
603527,众源新材,商品,有色金属,民企,1,2025-04-26,"[""其他"", ""期权"", ""期货"", ""铜"", ""铝""]"
603530,神马电力,外汇,电力设备,民企,1,2025-08-13,"[""其他"", ""外汇掉期"", ""外汇远期"", ""期权"", ""期货"", ""欧元"", ""美元"", ""货币互换""]"
603538,美诺华,外汇,医药生物,民企,1,2025-08-27,"[""其他"", ""利率互换"", ""场外衍生品"", ""外汇掉期"", ""外汇期权"", ""外汇期货"", ""外汇远期"", ""期权"", ""期货"", ""欧元"", ""美元"", ""货币互换"", ""远期结售汇""]"
603551,奥普科技,商品,家用电器,外资,1,2025-08-26,"[""期货"", ""聚丙烯PP"", ""聚氯乙烯PVC"", ""钢"", ""铁"", ""铜"", ""铝""]"
603556,海兴电力,外汇,电力设备,民企,1,2025-04-22,"[""南非兰特"", ""印度尼西亚盾"", ""场外衍生品"", ""外汇掉期"", ""巴西雷亚尔"", ""期权"", ""期货"", ""欧元"", ""美元"", ""货币互换"", ""远期结售汇""]"
603558,健盛集团,外汇,纺织服饰,民企,1,2025-03-25,"[""其他"", ""外汇掉期"", ""外汇远期"", ""美元""]"
603568,伟明环保,商品+外汇,环保,民企,1,2025-10-25,"[""其他"", ""利率互换"", ""外汇掉期"", ""期权"", ""期货"", ""远期结售汇""]"
603569,长久物流,外汇,交通运输,民企,1,2025-08-27,"[""兹罗提"", ""利率互换"", ""外汇掉期"", ""期权"", ""欧元"", ""美元"", ""货币互换"", ""远期结售汇""]"
603577,汇金通,商品,电力设备,民企,1,2025-03-25,"[""期权"", ""期货"", ""热轧卷板"", ""线材"", ""螺纹钢"", ""锌锭""]"
603579,荣泰健康,外汇,家用电器,民企,1,2025-04-24,"[""场外衍生品"", ""外汇掉期"", ""外汇远期"", ""期权"", ""欧元"", ""港币"", ""美元"", ""远期结售汇"", ""韩元""]"
603583,捷昌驱动,外汇,机械设备,民企,1,2025-04-28,"[""场外衍生品"", ""外汇期权"", ""欧元"", ""美元"", ""远期结售汇""]"
603585,苏利股份,外汇,基础化工,民企,1,2025-04-24,"[""外汇掉期"", ""外汇远期"", ""欧元"", ""美元"", ""远期结售汇""]"
603586,金麒麟,外汇,汽车,民企,1,2025-04-26,"[""期权"", ""美元"", ""远期结售汇""]"
603588,高能环境,商品,环保,民企,1,2026-02-11,"[""期货"", ""白银"", ""金"", ""钯"", ""铅"", ""铜"", ""银"", ""镍"", ""黄金""]"
603596,伯特利,商品,汽车,外资,1,2025-04-23,"[""期货"", ""铝""]"
603600,永艺股份,外汇,轻工制造,民企,1,2025-09-18,"[""外汇掉期"", ""外汇期权"", ""外汇远期"", ""期权"", ""欧元"", ""美元"", ""货币互换"", ""远期结售汇""]"
603606,东方电缆,商品,电力设备,民企,1,2025-08-15,"[""期权"", ""期货"", ""铅"", ""铜""]"
603609,禾丰股份,商品,农林牧渔,民企,1,2025-04-26,"[""场外衍生品"", ""大豆"", ""小麦"", ""期权"", ""期货"", ""玉米"", ""菜粕"", ""豆油"", ""豆粕""]"
603610,麒盛科技,外汇,轻工制造,民企,1,2025-04-19,"[""美元"", ""远期结售汇""]"
603611,诺力股份,商品+外汇,机械设备,民企,2,2025-04-28,"[""利率互换"", ""外汇掉期"", ""外汇远期"", ""期权"", ""期货"", ""热轧卷板"", ""美元"", ""远期结售汇""]"
603617,君禾股份,商品+外汇,机械设备,民企,2,2025-04-25,"[""塑料"", ""期权"", ""期货"", ""美元"", ""远期结售汇"", ""钢带"", ""铜""]"
603618,杭电股份,商品,电力设备,民企,1,2025-04-23,"[""期货"", ""铜"", ""铝""]"
603619,中曼石油,商品+外汇,石油石化,民企,1,2025-06-24,"[""其他"", ""原油"", ""场外衍生品"", ""天然气"", ""期权"", ""期货""]"
603626,科森科技,外汇,电子,民企,1,2025-04-29,"[""外汇掉期"", ""外汇远期"", ""新加坡元"", ""期权"", ""欧元"", ""美元""]"
603628,清源股份,外汇,电力设备,外资,1,2025-08-30,"[""其他"", ""外汇掉期"", ""外汇期权"", ""期权"", ""美元"", ""货币互换"", ""远期结售汇""]"
603629,利通电子,商品+外汇,计算机,民企,1,2025-07-11,"[""场外衍生品"", ""期权"", ""期货"", ""热卷"", ""螺纹钢"", ""远期结售汇"", ""铜""]"
603639,海利尔,外汇,基础化工,民企,1,2025-04-29,"[""其他"", ""外汇掉期"", ""欧元"", ""美元"", ""远期结售汇""]"
603656,泰禾智能,外汇,机械设备,民企,1,2025-08-22,"[""其他"", ""外汇掉期"", ""外汇期权"", ""外汇远期"", ""期权"", ""美元"", ""远期结售汇""]"
603657,春光科技,外汇,家用电器,民企,1,2025-12-12,"[""其他"", ""利率互换"", ""外汇掉期"", ""外汇期权"", ""外汇远期"", ""期权"", ""远期结售汇""]"
603658,安图生物,外汇,医药生物,民企,1,2025-11-01,"[""其他"", ""利率互换"", ""场外衍生品"", ""外汇掉期"", ""日元"", ""期权"", ""欧元"", ""美元"", ""远期结售汇""]"
603659,璞泰来,商品+外汇,电力设备,民企,1,2025-04-26,"[""其他"", ""场外衍生品"", ""外汇掉期"", ""日元"", ""期权"", ""期货"", ""欧元"", ""美元"", ""远期结售汇""]"
603661,恒林股份,商品+外汇,轻工制造,民企,1,2025-08-28,"[""其他"", ""场外衍生品"", ""外汇期权"", ""外汇远期"", ""日元"", ""期权"", ""期货"", ""欧元"", ""港币"", ""瑞郎"", ""美元"", ""英镑"", ""货币互换"", ""越南盾"", ""韩元""]"
603662,柯力传感,商品+外汇,机械设备,民企,1,2025-08-29,"[""利率互换"", ""场外衍生品"", ""外汇掉期"", ""外汇远期"", ""期权"", ""货币互换""]"
603665,康隆达,商品+外汇,纺织服饰,民企,1,2025-04-26,"[""利率互换"", ""外汇掉期"", ""外汇远期"", ""期权"", ""期货"", ""碳酸锂"", ""美元"", ""货币互换"", ""远期结售汇""]"
603667,五洲新春,外汇,机械设备,民企,1,2025-04-29,"[""欧元"", ""美元"", ""远期结售汇""]"
603668,天马科技,商品+外汇,农林牧渔,民企,2,2024-12-14,"[""其他"", ""利率互换"", ""场外衍生品"", ""外汇掉期"", ""大豆"", ""强麦"", ""期权"", ""期货"", ""玉米"", ""菜粕"", ""豆油"", ""豆粕"", ""货币互换"", ""远期结售汇"", ""鸡蛋""]"
603677,奇精机械,外汇,家用电器,地方国企,1,2025-12-31,"[""利率互换"", ""外汇掉期"", ""期权"", ""美元"", ""远期结售汇""]"
603678,火炬电子,外汇,国防军工,民企,1,2025-10-30,"[""利率互换"", ""外汇掉期"", ""期权"", ""远期结售汇""]"
603679,华体科技,商品,电子,民企,1,2025-08-23,"[""其他"", ""场外衍生品"", ""期权"", ""期货"", ""碳酸锂""]"
603680,今创集团,外汇,机械设备,民企,1,2025-04-29,"[""外汇掉期"", ""期权"", ""远期结售汇""]"
603681,永冠新材,商品+外汇,基础化工,民企,2,2025-08-28,"[""利率互换"", ""动力煤"", ""外汇掉期"", ""外汇期权"", ""日元"", ""期权"", ""期货"", ""橡胶"", ""欧元"", ""港币"", ""纸浆"", ""美元"", ""聚丙烯"", ""聚乙烯"", ""聚氯乙烯"", ""苯乙烯"", ""货币互换"", ""远期结售汇"", ""集运指数""]"
603683,晶华新材,外汇,基础化工,民企,1,2025-04-24,"[""其他"", ""利率互换"", ""外汇掉期"", ""日元"", ""期权"", ""欧元"", ""美元"", ""远期结售汇""]"
603690,至纯科技,外汇,电子,民企,1,2025-10-31,"[""利率互换"", ""外汇掉期"", ""外汇远期"", ""期权"", ""期货"", ""远期"", ""远期结售汇""]"
603699,纽威股份,外汇,机械设备,民企,1,2025-04-23,"[""远期结售汇""]"
603703,盛洋科技,商品+外汇,电子,民企,2,2025-10-28,"[""PVC"", ""其他"", ""利率互换"", ""利率掉期"", ""利率期权"", ""场外衍生品"", ""外汇掉期"", ""外汇期权"", ""期权"", ""期货"", ""美元"", ""货币互换"", ""远期结售汇"", ""铜"", ""铝""]"
603707,健友股份,外汇,医药生物,外资,1,2025-04-29,"[""其他"", ""外汇掉期"", ""外汇远期"", ""期权"", ""期货"", ""欧元"", ""美元"", ""货币互换""]"
603709,中源家居,外汇,轻工制造,民企,1,2025-10-30,"[""其他"", ""利率互换"", ""场外衍生品"", ""外汇掉期"", ""期权"", ""美元"", ""远期结售汇""]"
603717,天域生物,商品,农林牧渔,民企,1,2026-04-30,"[""期权"", ""期货"", ""玉米"", ""生猪"", ""豆油"", ""豆粕""]"
603722,阿科力,外汇,基础化工,民企,1,2025-05-29,"[""其他"", ""利率互换"", ""外汇掉期"", ""外汇期权"", ""日元"", ""期权"", ""欧元"", ""美元"", ""远期结售汇""]"
603725,天安新材,商品+外汇,轻工制造,民企,1,2025-08-15,"[""期货""]"
603727,博迈科,外汇,石油石化,民企,1,2025-03-21,"[""其他"", ""外汇掉期"", ""外汇远期""]"
603728,鸣志电器,外汇,电力设备,民企,1,2025-08-30,"[""其他"", ""利率互换"", ""外汇掉期"", ""外汇远期"", ""期权"", ""远期结售汇""]"
603730,岱美股份,外汇,汽车,民企,1,2025-04-30,"[""期权"", ""远期结售汇""]"
603733,仙鹤股份,外汇,轻工制造,民企,1,2025-08-07,"[""其他"", ""利率互换"", ""外汇掉期"", ""期权"", ""期货"", ""远期结售汇""]"
603737,三棵树,商品,建筑材料,民企,1,2025-04-26,"[""期货""]"
603755,日辰股份,外汇,食品饮料,民企,1,2025-08-23,"[""其他"", ""外汇掉期"", ""日元"", ""期权"", ""美元"", ""货币互换"", ""远期结售汇""]"
603757,大元泵业,外汇,机械设备,民企,1,2025-04-28,"[""其他"", ""利率互换"", ""外汇掉期"", ""期权"", ""欧元"", ""美元"", ""货币互换"", ""远期结售汇""]"
603758,秦安股份,商品+外汇,汽车,外资,1,2025-08-23,"[""利率互换"", ""场外衍生品"", ""外汇掉期"", ""外汇远期"", ""日元"", ""期权"", ""期货"", ""欧元"", ""硅"", ""碳钢"", ""货币互换"", ""远期结售汇"", ""铜"", ""铝""]"
603766,隆鑫通用,外汇,汽车,民企,1,2025-10-29,"[""外汇掉期"", ""外汇远期"", ""美元"", ""远期结售汇""]"
603799,华友钴业,商品+外汇,有色金属,民企,1,2025-08-18,"[""其他"", ""利率互换"", ""场外衍生品"", ""外汇掉期"", ""外汇远期"", ""期权"", ""期货"", ""货币互换"", ""远期"", ""远期结售汇"", ""钴"", ""铜"", ""锂"", ""镍""]"
603800,洪田股份,商品+外汇,机械设备,民企,1,2025-05-20,"[""利率互换"", ""外汇掉期"", ""外汇远期"", ""期权"", ""期货"", ""美元"", ""远期结售汇"", ""钢"", ""铜""]"
603801,志邦家居,外汇,轻工制造,民企,1,2025-08-28,"[""其他"", ""利率互换"", ""外汇掉期"", ""外汇远期"", ""期权"", ""期货"", ""泰铢"", ""港币"", ""澳元"", ""美元"", ""货币互换"", ""远期结售汇""]"
603806,福斯特,外汇,电力设备,民企,1,2025-10-30,"[""利率互换"", ""场外衍生品"", ""外汇掉期"", ""外汇期权"", ""期权"", ""远期结售汇""]"
603810,丰山集团,外汇,基础化工,民企,1,2025-04-29,"[""外汇掉期"", ""外汇远期"", ""期权"", ""远期结售汇""]"
603822,嘉澳环保,外汇,基础化工,民企,1,2025-10-18,"[""其他"", ""利率互换"", ""外汇掉期"", ""外汇期权"", ""期权"", ""货币互换"", ""远期结售汇""]"
603833,欧派家居,外汇,轻工制造,民企,1,2025-02-25,"[""其他"", ""利率互换"", ""场外衍生品"", ""外汇掉期"", ""外汇远期"", ""期权"", ""货币互换"", ""远期结售汇""]"
603836,海程邦达,外汇,交通运输,民企,1,2025-08-26,"[""其他"", ""利率"", ""利率互换"", ""外汇掉期"", ""外汇期权"", ""外汇远期"", ""期权"", ""汇率"", ""货币"", ""货币互换"", ""远期结售汇""]"
603856,东宏股份,商品,建筑材料,民企,1,2025-04-25,"[""其他"", ""期权"", ""期货"", ""热轧卷板"", ""聚乙烯"", ""聚氯乙烯"", ""远期""]"
603861,白云电器,商品,电力设备,民企,1,2025-04-30,"[""期权"", ""期货"", ""钢"", ""铜"", ""铝""]"
603866,桃李面包,外汇,食品饮料,民企,1,2025-03-21,"[""其他"", ""外汇掉期"", ""日元"", ""期权"", ""欧元"", ""货币互换"", ""远期结售汇""]"
603871,嘉友国际,商品,交通运输,民企,1,2025-07-25,"[""主焦煤"", ""期权"", ""期货"", ""铜精矿""]"
603876,鼎胜新材,商品+外汇,有色金属,民企,2,2025-08-30,"[""其他"", ""利率互换"", ""外汇掉期"", ""期权"", ""期货"", ""欧元"", ""泰铢"", ""美元"", ""英镑"", ""货币互换"", ""远期结售汇"", ""铝"", ""铝锭""]"
603878,武进不锈,外汇,钢铁,民企,1,2025-04-28,"[""其他"", ""场外衍生品"", ""外汇掉期"", ""外汇期权"", ""日元"", ""期权"", ""欧元"", ""美元"", ""远期结售汇""]"
603885,吉祥航空,外汇,交通运输,民企,1,2025-04-22,"[""利率互换"", ""利率期权"", ""外汇掉期"", ""外汇期权"", ""货币互换"", ""远期结售汇""]"
603889,新澳股份,外汇,纺织服饰,民企,1,2025-09-06,"[""利率互换"", ""外汇掉期"", ""期权"", ""远期结售汇""]"
603899,晨光股份,外汇,轻工制造,民企,1,2025-04-29,"[""其他"", ""利率互换"", ""外汇掉期"", ""外汇远期"", ""期权"", ""货币互换""]"
603906,龙蟠科技,商品+外汇,电力设备,民企,2,2025-07-23,"[""乙二醇"", ""其他"", ""利率互换"", ""印度尼西亚盾"", ""原油"", ""场外衍生品"", ""塑料粒子"", ""外汇掉期"", ""外汇远期"", ""尿素"", ""期权"", ""期货"", ""欧元"", ""港币"", ""瓶片"", ""甲醇"", ""白糖"", ""碳酸锂"", ""纯碱"", ""美元"", ""货币互换"", ""远期结售汇"", ""镍""]"
603908,牧高笛,外汇,纺织服饰,民企,1,2025-04-29,"[""利率互换"", ""外汇掉期"", ""期权"", ""美元"", ""远期结售汇""]"
603917,合力科技,外汇,汽车,民企,1,2025-04-23,"[""日元"", ""期权"", ""欧元"", ""美元"", ""远期结售汇""]"
603920,世运电路,商品+外汇,电子,地方国企,2,2025-10-29,"[""其他"", ""利率互换"", ""场外衍生品"", ""外汇掉期"", ""日元"", ""期权"", ""期货"", ""欧元"", ""港元"", ""美元"", ""远期结售汇"", ""金"", ""钯"", ""铜""]"
603926,铁流股份,外汇,汽车,民企,1,2025-08-06,"[""其他"", ""利率互换"", ""外汇掉期"", ""期权"", ""美元"", ""远期结售汇""]"
603936,博敏电子,外汇,电子,民企,1,2025-11-08,"[""其他"", ""利率互换"", ""场外衍生品"", ""外汇掉期"", ""外汇期权"", ""期权"", ""期货"", ""欧元"", ""港元"", ""美元"", ""远期结售汇""]"
603937,丽岛新材,商品+外汇,有色金属,民企,1,2025-04-19,"[""利率互换"", ""场外衍生品"", ""外汇掉期"", ""外汇远期"", ""期权"", ""期货"", ""货币互换"", ""铝""]"
603938,三孚股份,外汇,基础化工,民企,1,2025-10-24,"[""利率互换"", ""场外衍生品"", ""外汇掉期"", ""外汇期权"", ""期权"", ""美元"", ""货币互换"", ""远期结售汇""]"
603966,法兰泰克,商品+外汇,机械设备,地方国企,1,2025-08-22,"[""利率互换"", ""场外衍生品"", ""外汇掉期"", ""期权"", ""期货"", ""货币互换"", ""远期结售汇""]"
603968,醋化股份,外汇,基础化工,民企,1,2025-04-26,"[""外汇掉期"", ""外汇远期"", ""期权"", ""美元""]"
603969,银龙股份,商品,机械设备,民企,1,2025-10-29,"[""期货""]"
603970,中农立华,外汇,基础化工,集体,1,2025-04-18,"[""其他"", ""利率互换"", ""外汇掉期"", ""外汇远期"", ""期权"", ""美元"", ""货币互换"", ""远期结售汇""]"
603978,深圳新星,商品,有色金属,民企,1,2025-10-31,"[""期货"", ""铝""]"
603979,金诚信,商品+外汇,有色金属,民企,1,2025-04-25,"[""其他"", ""期权"", ""期货"", ""澳元"", ""美元"", ""远期结售汇""]"
603982,泉峰汽车,商品+外汇,汽车,外资,1,2025-11-25,"[""其他"", ""利率互换"", ""利率掉期"", ""外汇掉期"", ""外汇远期"", ""期权"", ""期货""]"
603986,兆易创新,外汇,电子,民企,1,2025-04-26,"[""利率互换"", ""外汇掉期"", ""期权"", ""美元"", ""货币互换"", ""远期结售汇""]"
603987,康德莱,外汇,医药生物,民企,1,2023-11-14,"[""美元"", ""远期结售汇""]"
603989,艾华集团,外汇,电子,民企,1,2025-04-30,"[""利率互换"", ""外汇掉期"", ""期权"", ""港币"", ""美元"", ""远期结售汇""]"
603992,松霖科技,外汇,轻工制造,民企,1,2025-10-31,"[""外汇掉期"", ""期权"", ""美元"", ""远期结售汇""]"
603993,洛阳钼业,商品+外汇,有色金属,民企,1,2025-01-23,"[""场外衍生品"", ""外汇远期"", ""期权"", ""期货"", ""货币互换"", ""远期""]"
603995,甬金股份,商品+外汇,钢铁,外资,2,2025-08-15,"[""不锈钢"", ""期货"", ""欧元"", ""美元"", ""远期结售汇""]"
603997,继峰股份,外汇,汽车,民企,1,2025-03-29,"[""场外衍生品"", ""外汇掉期"", ""捷克克朗"", ""期权"", ""欧元"", ""波兰兹罗提"", ""美元"", ""货币互换"", ""远期结售汇""]"
605001,威奥股份,外汇,机械设备,民企,1,2025-11-14,"[""其他"", ""利率互换"", ""外汇掉期"", ""期权"", ""远期结售汇""]"
605003,众望布艺,外汇,纺织服饰,民企,1,2025-10-23,"[""外汇掉期"", ""期权"", ""期货"", ""远期结售汇""]"
605007,五洲特纸,商品,轻工制造,民企,1,2025-02-26,"[""期货"", ""纸浆""]"
605009,豪悦护理,商品+外汇,美容护理,民企,1,2025-10-28,"[""利率互换"", ""场外衍生品"", ""外汇掉期"", ""外汇远期"", ""期权"", ""期货"", ""美元"", ""货币互换"", ""远期结售汇""]"
605016,百龙创园,外汇,基础化工,民企,1,2025-08-28,"[""利率互换"", ""外汇掉期"", ""外汇期权"", ""外汇远期"", ""期权"", ""货币互换"", ""远期结售汇""]"
605020,永和股份,外汇,基础化工,民企,1,2025-04-25,"[""其他"", ""场外衍生品"", ""外汇掉期"", ""期权"", ""欧元"", ""美元"", ""货币互换"", ""远期结售汇""]"
605058,澳弘电子,商品+外汇,电子,民企,1,2025-12-16,"[""利率互换"", ""场外衍生品"", ""外汇掉期"", ""外汇远期"", ""期权"", ""期货"", ""远期"", ""远期结售汇""]"
605068,明新旭腾,外汇,汽车,民企,1,2025-04-22,"[""其他"", ""外汇掉期"", ""日元"", ""期权"", ""欧元"", ""美元"", ""远期结售汇""]"
605077,华康股份,商品+外汇,基础化工,民企,1,2025-10-29,"[""其他"", ""外汇掉期"", ""外汇期权"", ""期权"", ""期货"", ""玉米"", ""玉米淀粉"", ""甲醇"", ""美元"", ""远期结售汇""]"
605080,浙江自然,外汇,轻工制造,民企,1,2025-04-29,"[""人民币"", ""其他"", ""利率互换"", ""场外衍生品"", ""外汇掉期"", ""期权"", ""美元"", ""货币互换"", ""远期结售汇""]"
605088,冠盛股份,商品+外汇,汽车,外资,2,2025-09-30,"[""其他"", ""场外衍生品"", ""外汇掉期"", ""外汇远期"", ""期权"", ""期货"", ""欧元"", ""热卷"", ""碳酸锂"", ""美元"", ""螺纹钢"", ""远期结售汇"", ""金属"", ""钢材""]"
605090,九丰能源,商品+外汇,公用事业,民企,1,2025-10-18,"[""原油"", ""场外衍生品"", ""外汇掉期"", ""外汇远期"", ""天然气"", ""期权"", ""期货"", ""液化石油气"", ""甲醇""]"
605099,共创草坪,外汇,轻工制造,民企,1,2025-04-28,"[""外汇掉期"", ""外汇远期"", ""期权"", ""欧元"", ""美元"", ""远期结售汇""]"
605116,奥锐特,外汇,医药生物,民企,1,2025-04-26,"[""外汇掉期"", ""外汇远期"", ""期权"", ""美元"", ""货币互换"", ""远期结售汇""]"
605117,德业股份,外汇,电力设备,民企,1,2025-10-30,"[""其他"", ""利率互换"", ""利率掉期"", ""利率期权"", ""场外衍生品"", ""外汇掉期"", ""外汇期权"", ""期权"", ""欧元"", ""美元"", ""远期结售汇""]"
605118,力鼎光电,外汇,计算机,民企,1,2025-03-01,"[""外汇掉期"", ""期权"", ""欧元"", ""港币"", ""美元"", ""货币互换"", ""远期结售汇""]"
605138,盛泰集团,商品+外汇,纺织服饰,外资,1,2025-08-26,"[""其他"", ""期权"", ""期货"", ""远期""]"
605158,华达新材,外汇,有色金属,民企,1,2025-04-22,"[""美元"", ""远期结售汇""]"
605166,聚合顺,外汇,基础化工,民企,1,2025-04-10,"[""其他"", ""利率互换"", ""场外衍生品"", ""外汇掉期"", ""期权"", ""美元"", ""远期结售汇""]"
605180,华生科技,商品+外汇,纺织服饰,民企,1,2025-02-13,"[""场外衍生品"", ""外汇掉期"", ""外汇远期"", ""日元"", ""期权"", ""期货"", ""欧元"", ""美元"", ""远期结售汇""]"
605189,富春染织,商品+外汇,纺织服饰,民企,1,2025-04-08,"[""利率互换"", ""场外衍生品"", ""外汇掉期"", ""期权"", ""期货"", ""棉纱"", ""棉花"", ""远期结售汇""]"
605196,华通线缆,商品+外汇,电力设备,民企,2,2025-10-14,"[""PVC"", ""其他"", ""利率互换"", ""场外衍生品"", ""外汇掉期"", ""外汇远期"", ""期权"", ""期货"", ""欧元"", ""氧化铝"", ""美元"", ""货币互换"", ""远期结售汇"", ""铜"", ""铝"", ""黄金""]"
605198,安德利,外汇,食品饮料,外资,1,2025-03-27,"[""远期结售汇""]"
605208,永茂泰,商品+外汇,有色金属,民企,2,2025-09-18,"[""其他"", ""利率互换"", ""印尼卢比"", ""外汇掉期"", ""新加坡元"", ""期权"", ""期货"", ""欧元"", ""硅"", ""美元"", ""货币互换"", ""远期结售汇"", ""铜"", ""铝"", ""镍""]"
605218,伟时电子,外汇,电子,外资,1,2025-03-15,"[""远期结售汇""]"
605222,起帆电缆,商品,电力设备,民企,1,2025-03-11,"[""期货"", ""橡胶"", ""铜"", ""铝""]"
605259,绿田机械,商品+外汇,机械设备,民企,2,2025-08-22,"[""场外衍生品"", ""外汇掉期"", ""期权"", ""期货"", ""美元"", ""聚丙烯"", ""货币互换"", ""远期结售汇"", ""铜"", ""铝""]"
605268,王力安防,商品,轻工制造,民企,1,2025-04-29,"[""期货"", ""热轧卷板"", ""钢材""]"
605296,神农集团,商品,农林牧渔,民企,1,2025-12-09,"[""期权"", ""期货"", ""玉米"", ""生猪"", ""豆油"", ""豆粕""]"
605299,舒华体育,外汇,轻工制造,民企,1,2025-03-12,"[""其他"", ""利率互换"", ""外汇掉期"", ""外汇远期"", ""期权"", ""货币互换""]"
605300,佳禾食品,商品+外汇,食品饮料,民企,2,2025-08-23,"[""其他"", ""外汇掉期"", ""外汇期权"", ""外汇远期"", ""期权"", ""期货"", ""植物油脂"", ""玉米淀粉"", ""白糖"", ""美元"", ""货币互换"", ""远期结售汇""]"
605305,中际联合,外汇,机械设备,民企,1,2025-08-23,"[""其他"", ""场外衍生品"", ""外汇掉期"", ""外汇远期"", ""期权"", ""货币互换"", ""远期结售汇""]"
605318,法狮龙,商品,建筑材料,民企,1,2025-04-28,"[""期货"", ""铁"", ""铜"", ""铝""]"
605365,立达信,外汇,电子,民企,1,2025-07-24,"[""其他"", ""利率互换"", ""利率掉期"", ""利率期权"", ""外汇掉期"", ""外汇期权"", ""期权"", ""期货"", ""欧元"", ""美元"", ""远期结售汇""]"
605366,宏柏新材,商品+外汇,基础化工,外资,1,2025-08-27,"[""其他"", ""场外衍生品"", ""外汇掉期"", ""外汇期权"", ""外汇期货"", ""工业硅"", ""期权"", ""期货"", ""欧元"", ""美元"", ""远期结售汇""]"
605369,拱东医疗,外汇,医药生物,民企,1,2025-04-22,"[""欧元"", ""美元"", ""远期结售汇""]"
605376,博迁新材,商品+外汇,有色金属,民企,2,2025-12-04,"[""其他"", ""外汇掉期"", ""期权"", ""期货"", ""美元"", ""货币互换"", ""远期结售汇"", ""铜"", ""银"", ""镍""]"
605377,华旺科技,商品+外汇,轻工制造,民企,1,2025-12-06,"[""其他"", ""利率互换"", ""外汇掉期"", ""外汇期权"", ""外汇远期"", ""期权"", ""期货"", ""欧元"", ""纸浆"", ""美元"", ""远期结售汇""]"
605378,野马电池,外汇,电力设备,民企,1,2025-04-28,"[""其他"", ""外汇掉期"", ""外汇远期"", ""期权"", ""欧元"", ""美元"", ""远期结售汇""]"
605389,长龄液压,外汇,机械设备,其他,1,2025-10-24,"[""其他"", ""利率互换"", ""场外衍生品"", ""外汇掉期"", ""外汇期权"", ""外汇远期"", ""期权"", ""货币互换"", ""远期结售汇""]"
605399,晨光新材,商品+外汇,基础化工,民企,1,2025-08-16,"[""利率互换"", ""场外衍生品"", ""外汇掉期"", ""期权"", ""期货"", ""美元"", ""货币互换"", ""远期结售汇""]"
605488,福莱新材,外汇,基础化工,民企,1,2025-01-01,"[""外汇掉期"", ""外汇期权"", ""外汇远期"", ""期权"", ""欧元"", ""美元"", ""远期结售汇""]"
605499,东鹏饮料,商品+外汇,食品饮料,民企,2,2025-07-26,"[""PTA"", ""其他"", ""场外衍生品"", ""外汇掉期"", ""外汇期权"", ""外汇远期"", ""期权"", ""期货"", ""白糖"", ""货币互换""]"
605507,国邦医药,外汇,医药生物,民企,1,2025-03-28,"[""场外衍生品"", ""外汇掉期"", ""外汇期权"", ""期权"", ""美元"", ""货币互换"", ""远期结售汇""]"
605555,德昌股份,商品+外汇,家用电器,民企,1,2025-11-27,"[""其他"", ""利率互换"", ""场外衍生品"", ""外汇掉期"", ""外汇远期"", ""期权"", ""期货"", ""远期结售汇""]"
605566,福莱蒽特,外汇,基础化工,民企,1,2025-11-22,"[""其他"", ""利率互换"", ""外汇掉期"", ""期权"", ""远期结售汇""]"
605567,春雪食品,外汇,食品饮料,民企,1,2025-04-29,"[""利率互换"", ""期权"", ""远期结售汇""]"
605588,冠石科技,商品+外汇,电子,民企,1,2025-11-29,"[""人民币"", ""其他"", ""利率互换"", ""台币"", ""场外衍生品"", ""外汇掉期"", ""外汇远期"", ""日元"", ""期权"", ""期货"", ""欧元"", ""港币"", ""美元"", ""英镑"", ""货币互换"", ""远期结售汇""]"
605589,圣泉集团,外汇,基础化工,民企,1,2025-04-01,"[""远期结售汇""]"
605599,菜百股份,商品,纺织服饰,地方国企,1,2025-12-08,"[""其他"", ""黄金""]"
688001,华兴源创,外汇,机械设备,民企,1,2025-07-02,"[""利率互换"", ""外汇掉期"", ""日元"", ""期权"", ""美元"", ""货币互换"", ""远期结售汇""]"
688005,容百科技,外汇,电力设备,民企,1,2025-04-10,"[""人民币"", ""其他"", ""外汇掉期"", ""期权"", ""欧元"", ""美元"", ""货币互换"", ""远期结售汇"", ""韩元""]"
688006,杭可科技,外汇,电力设备,民企,1,2025-04-29,"[""其他"", ""加元"", ""外汇掉期"", ""日元"", ""期权"", ""欧元"", ""美元"", ""远期结售汇""]"
688008,澜起科技,外汇,电子,其他,1,2025-04-11,"[""外汇掉期"", ""期权"", ""美元"", ""远期结售汇""]"
688010,福光股份,商品+外汇,电子,民企,1,2025-06-14,"[""利率"", ""商品"", ""场外衍生品"", ""外汇掉期"", ""指数"", ""期权"", ""期货"", ""汇率"", ""证券"", ""货币"", ""货币互换"", ""远期结售汇""]"
688013,天臣医疗,商品+外汇,医药生物,民企,1,2025-04-10,"[""其他"", ""利率互换"", ""外汇掉期"", ""外汇期权"", ""外汇远期"", ""期权"", ""期货"", ""欧元"", ""美元"", ""螺纹钢""]"
688020,方邦股份,商品+外汇,电子,民企,2,2025-11-18,"[""其他"", ""利率互换"", ""外汇掉期"", ""日元"", ""期权"", ""期货"", ""美元"", ""远期结售汇"", ""铜""]"
688022,瀚川智能,外汇,机械设备,民企,1,2025-10-15,"[""其他"", ""利率互换"", ""外汇掉期"", ""外汇期权"", ""外汇远期"", ""期权"", ""欧元"", ""美元"", ""远期结售汇""]"
688025,杰普特,外汇,机械设备,民企,1,2025-03-25,"[""外汇远期"", ""期权"", ""美元"", ""远期结售汇""]"
688026,洁特生物,外汇,医药生物,外资,1,2025-04-16,"[""其他"", ""利率互换"", ""外汇掉期"", ""外汇远期"", ""期权"", ""欧元"", ""港币"", ""美元"", ""货币互换""]"
688029,南微医学,外汇,医药生物,其他,1,2025-04-29,"[""场外衍生品"", ""外汇掉期"", ""外汇远期"", ""期权"", ""欧元"", ""美元"", ""货币互换"", ""远期结售汇""]"
688032,禾迈股份,外汇,电力设备,民企,1,2025-04-30,"[""利率互换"", ""场外衍生品"", ""外汇掉期"", ""期权"", ""欧元"", ""美元"", ""远期结售汇""]"
688036,传音控股,外汇,电子,民企,1,2025-11-13,"[""其他"", ""利率互换"", ""利率期权"", ""南非兰特"", ""印度卢比"", ""场外衍生品"", ""外汇期权"", ""外汇远期"", ""期权"", ""泰铢"", ""美元"", ""远期利率协议"", ""远期结售汇""]"
688049,炬芯科技,外汇,电子,外资,1,2025-08-25,"[""其他"", ""利率互换"", ""外汇掉期"", ""外汇远期"", ""期权"", ""美元"", ""货币互换"", ""远期结售汇""]"
688055,龙腾光电,外汇,电子,地方国企,1,2025-04-26,"[""利率互换"", ""外汇掉期"", ""日元"", ""期权"", ""美元"", ""越南盾"", ""远期结售汇""]"
688061,灿瑞科技,外汇,电子,民企,1,2025-09-16,"[""外汇掉期"", ""外汇期权"", ""外汇远期"", ""货币互换""]"
688062,迈威生物,商品+外汇,医药生物,外资,1,2025-09-18,"[""其他"", ""场外衍生品"", ""外汇掉期"", ""外汇远期"", ""期权"", ""期货"", ""远期""]"
688063,派能科技,外汇,电力设备,民企,1,2025-04-12,"[""利率互换"", ""外汇掉期"", ""期权"", ""欧元"", ""美元"", ""货币互换"", ""远期结售汇""]"
688073,毕得医药,外汇,医药生物,民企,1,2025-10-16,"[""其他"", ""外汇掉期"", ""期权"", ""欧元"", ""港币"", ""美元"", ""英镑"", ""远期结售汇""]"
688075,安旭生物,外汇,医药生物,民企,1,2025-08-07,"[""外汇掉期"", ""外汇远期"", ""期权"", ""美元"", ""远期结售汇""]"
688076,诺泰生物,外汇,医药生物,民企,1,2025-04-23,"[""外汇掉期"", ""外汇远期"", ""期权""]"
688077,大地熊,外汇,有色金属,民企,1,2025-08-23,"[""利率互换"", ""场外衍生品"", ""外汇掉期"", ""外汇期权"", ""欧元"", ""美元"", ""远期结售汇""]"
688079,美迪凯,外汇,电子,民企,1,2025-04-30,"[""场外衍生品"", ""外汇掉期"", ""外汇期权"", ""日元"", ""期权"", ""美元"", ""远期结售汇""]"
688087,英科再生,外汇,轻工制造,民企,1,2025-04-28,"[""其他"", ""利率互换"", ""外汇掉期"", ""外汇远期"", ""新加坡元"", ""日元"", ""期权"", ""欧元"", ""美元"", ""货币互换"", ""远期结售汇""]"
688089,嘉必优,外汇,基础化工,民企,1,2025-10-28,"[""场外衍生品"", ""外汇掉期"", ""远期结售汇""]"
688092,爱科科技,外汇,机械设备,民企,1,2025-08-30,"[""美元"", ""远期结售汇""]"
688093,世华科技,外汇,电子,民企,1,2025-11-29,"[""其他"", ""利率互换"", ""外汇掉期"", ""日元"", ""期权"", ""美元"", ""货币互换"", ""远期结售汇""]"
688095,福昕软件,外汇,计算机,民企,1,2025-04-29,"[""外汇期权"", ""欧元"", ""美元"", ""远期结售汇""]"
688097,博众精工,外汇,机械设备,民企,1,2025-12-27,"[""其他"", ""利率互换"", ""外汇掉期"", ""外汇远期"", ""期权"", ""期货"", ""货币互换""]"
688099,晶晨股份,外汇,电子,外资,1,2025-04-11,"[""利率互换"", ""外汇掉期"", ""期权"", ""美元"", ""远期结售汇""]"
688102,斯瑞新材,商品+外汇,有色金属,民企,2,2025-04-29,"[""利率互换"", ""外汇掉期"", ""期权"", ""期货"", ""欧元"", ""美元"", ""货币互换"", ""远期结售汇"", ""铜""]"
688106,金宏气体,外汇,电子,民企,1,2025-03-26,"[""新加坡元"", ""欧元"", ""泰铢"", ""美元"", ""越南盾"", ""远期结售汇""]"
688110,东芯股份,外汇,电子,民企,1,2025-10-29,"[""利率互换"", ""场外衍生品"", ""外汇掉期"", ""期权"", ""美元"", ""货币互换"", ""远期结售汇""]"
688114,华大智造,外汇,医药生物,民企,1,2025-04-30,"[""利率互换"", ""外汇掉期"", ""外汇远期"", ""期权"", ""期货"", ""货币互换"", ""远期结售汇""]"
688125,安达智能,外汇,机械设备,民企,1,2025-08-29,"[""利率互换"", ""利率掉期"", ""外汇掉期"", ""外汇期权"", ""期权"", ""美元"", ""货币互换"", ""货币掉期"", ""远期结售汇""]"
688127,蓝特光学,外汇,电子,民企,1,2025-04-25,"[""外汇掉期"", ""期权"", ""欧元"", ""港元"", ""美元"", ""远期结售汇""]"
688128,中国电研,外汇,机械设备,央企,1,2024-12-17,"[""外汇远期"", ""日元"", ""欧元"", ""美元"", ""远期结售汇""]"
688133,泰坦科技,外汇,基础化工,民企,1,2025-03-20,"[""外汇掉期"", ""外汇期权"", ""外汇远期"", ""美元""]"
688135,利扬芯片,外汇,电子,民企,1,2025-09-30,"[""其他"", ""利率互换"", ""外汇掉期"", ""远期结售汇""]"
688136,科兴制药,外汇,医药生物,民企,1,2025-08-16,"[""其他"", ""利率互换"", ""外汇掉期"", ""外汇远期"", ""期权"", ""远期结售汇""]"
688139,海尔生物,外汇,医药生物,集体,1,2025-03-29,"[""其他"", ""场外衍生品"", ""期权"", ""美元"", ""远期结售汇""]"
688141,杰华特,外汇,电子,外资,1,2025-08-26,"[""外汇掉期"", ""外汇期权"", ""外汇远期"", ""期权""]"
688147,微导纳米,外汇,电子,民企,1,2025-11-26,"[""场外衍生品"", ""外汇掉期"", ""外汇期权"", ""日元"", ""期权"", ""欧元"", ""美元"", ""远期结售汇""]"
688148,芳源股份,商品,电力设备,民企,1,2025-07-22,"[""期货"", ""烧碱"", ""碳酸锂"", ""纯碱"", ""镍""]"
688153,唯捷创芯,外汇,电子,民企,1,2025-04-25,"[""其他"", ""外汇掉期"", ""外汇远期"", ""期权""]"
688155,先惠技术,外汇,电力设备,民企,1,2025-04-18,"[""外汇掉期"", ""外汇期权"", ""期权"", ""欧元"", ""远期结售汇""]"
688159,有方科技,外汇,通信,民企,1,2025-10-30,"[""其他"", ""利率互换"", ""印度卢比"", ""外汇掉期"", ""外汇期权"", ""外汇远期"", ""期权"", ""欧元"", ""美元"", ""货币互换""]"
688160,步科股份,外汇,机械设备,民企,1,2025-04-25,"[""利率互换"", ""场外衍生品"", ""外汇掉期"", ""期权"", ""欧元"", ""美元"", ""远期结售汇""]"
688162,巨一科技,外汇,机械设备,民企,1,2025-08-26,"[""其他"", ""外汇掉期"", ""外汇远期"", ""日元"", ""期权"", ""欧元"", ""美元"", ""英镑""]"
688166,博瑞医药,外汇,医药生物,民企,1,2025-12-31,"[""其他"", ""外汇掉期"", ""外汇远期"", ""期权"", ""远期结售汇""]"
688167,炬光科技,外汇,电子,民企,1,2025-09-12,"[""利率互换"", ""场外衍生品"", ""外汇掉期"", ""新币"", ""期权"", ""欧元"", ""瑞郎"", ""美元"", ""远期结售汇""]"
688169,石头科技,外汇,家用电器,民企,1,2025-10-31,"[""利率互换"", ""外汇掉期"", ""期权"", ""期货"", ""欧元"", ""美元"", ""货币互换"", ""远期结售汇""]"
688187,时代电气,外汇,机械设备,央企,1,2025-03-29,"[""外汇掉期"", ""外汇远期"", ""期权""]"
688196,卓越新能,商品+外汇,基础化工,外资,1,2025-10-11,"[""利率互换"", ""外汇掉期"", ""期权"", ""期货"", ""欧元"", ""美元"", ""货币互换"", ""远期结售汇""]"
688203,海正生材,外汇,基础化工,地方国企,1,2025-07-16,"[""其他"", ""利率互换"", ""利率掉期"", ""利率期权"", ""外汇掉期"", ""外汇期权"", ""外汇远期"", ""期权"", ""美元"", ""货币互换"", ""远期结售汇""]"
688205,德科立,商品+外汇,通信,民企,1,2025-08-29,"[""其他"", ""场外衍生品"", ""期权"", ""期货"", ""美元"", ""远期结售汇""]"
688208,道通科技,外汇,计算机,民企,1,2025-03-29,"[""其他"", ""利率互换"", ""外汇掉期"", ""外汇期权"", ""外汇远期"", ""欧元"", ""美元"", ""远期结售汇""]"
688210,统联精密,外汇,电子,民企,1,2025-08-29,"[""其他"", ""利率互换"", ""场外衍生品"", ""外汇掉期"", ""外汇远期"", ""期权"", ""欧元"", ""美元"", ""货币互换"", ""远期结售汇""]"
688211,中科微至,外汇,机械设备,民企,1,2025-04-23,"[""其他"", ""利率互换"", ""外汇掉期"", ""货币互换"", ""远期结售汇""]"
688213,思特威,外汇,电子,外资,1,2025-04-19,"[""场外衍生品"", ""外汇掉期"", ""外汇期权"", ""外汇远期"", ""美元""]"
688218,江苏北人,外汇,机械设备,民企,1,2025-04-30,"[""其他"", ""利率互换"", ""外汇掉期"", ""外汇远期"", ""期权"", ""期货"", ""欧元"", ""美元"", ""远期结售汇""]"
688219,会通股份,外汇,基础化工,外资,1,2025-11-18,"[""利率互换"", ""外汇掉期"", ""期权"", ""泰铢"", ""港币"", ""美元"", ""货币互换"", ""远期结售汇""]"
688220,翱捷科技,外汇,电子,外资,1,2025-03-29,"[""其他"", ""利率互换"", ""利率掉期"", ""利率期权"", ""外汇掉期"", ""外汇期权"", ""外汇远期"", ""期权"", ""结构性远期"", ""美元"", ""货币互换""]"
688223,晶科能源,商品+外汇,电力设备,民企,2,2025-12-13,"[""利率互换"", ""场外衍生品"", ""外汇掉期"", ""外汇期权"", ""多晶硅"", ""日元"", ""期权"", ""期货"", ""欧元"", ""澳元"", ""白银"", ""美元"", ""远期结售汇"", ""铜"", ""铝"", ""锡""]"
688225,亚信安全,外汇,计算机,民企,1,2025-01-24,"[""其他"", ""利率互换"", ""场外衍生品"", ""外汇掉期"", ""外汇远期"", ""期权"", ""港币"", ""美元"", ""货币互换"", ""远期结售汇""]"
688226,威腾电气,商品+外汇,电力设备,民企,1,2025-04-26,"[""利率互换"", ""外汇掉期"", ""期权"", ""期货"", ""货币互换"", ""远期结售汇"", ""铜"", ""铝""]"
688231,隆达股份,商品,国防军工,民企,1,2025-04-26,"[""期货"", ""铜"", ""镍""]"
688233,神工股份,外汇,电子,其他,1,2025-08-23,"[""外汇远期"", ""日元"", ""美元"", ""远期结售汇""]"
688234,天岳先进,外汇,电子,民企,1,2025-10-15,"[""其他"", ""利率互换"", ""场外衍生品"", ""外汇掉期"", ""外汇远期"", ""期权"", ""货币互换""]"
688239,航宇科技,外汇,国防军工,民企,1,2025-08-08,"[""其他"", ""外汇掉期"", ""外汇远期"", ""期权"", ""期货"", ""欧元"", ""美元"", ""货币互换""]"
688252,天德钰,外汇,电子,外资,1,2025-08-26,"[""外汇掉期"", ""美元"", ""远期结售汇""]"
688257,新锐股份,外汇,机械设备,民企,1,2025-08-28,"[""外汇掉期"", ""期权"", ""澳元"", ""美元"", ""远期结售汇""]"
688269,凯立新材,商品+外汇,基础化工,地方国企,1,2025-04-21,"[""其他"", ""利率互换"", ""外汇掉期"", ""期权"", ""期货"", ""美元"", ""货币互换"", ""远期结售汇"", ""金"", ""钌"", ""钯"", ""铂"", ""铑""]"
688271,联影医疗,外汇,医药生物,民企,1,2025-04-29,"[""外汇掉期"", ""外汇期权"", ""外汇远期"", ""远期结售汇""]"
688275,万润新能,商品,电力设备,民企,1,2026-02-07,"[""期权"", ""期货"", ""碳酸锂"", ""锂盐""]"
688279,峰岹科技,外汇,电子,外资,1,2025-08-21,"[""其他"", ""外汇掉期"", ""期权"", ""期货"", ""远期结售汇""]"
688298,东方生物,外汇,医药生物,民企,1,2025-08-29,"[""外汇掉期"", ""欧元"", ""港币"", ""美元"", ""远期结售汇""]"
688299,长阳科技,外汇,电子,民企,1,2025-08-27,"[""其他"", ""外汇掉期"", ""美元"", ""货币互换"", ""远期结售汇""]"
688307,中润光学,外汇,电子,民企,1,2025-09-17,"[""其他"", ""利率互换"", ""外汇掉期"", ""外汇远期"", ""期权"", ""美元"", ""货币互换""]"
688315,诺禾致源,外汇,医药生物,民企,1,2025-04-12,"[""其他"", ""利率互换"", ""外汇掉期"", ""新币"", ""期权"", ""欧元"", ""港币"", ""美元"", ""英镑"", ""远期结售汇""]"
688317,之江生物,外汇,医药生物,民企,1,2025-10-30,"[""其他"", ""外汇掉期"", ""外汇远期"", ""期权"", ""美元""]"
688320,禾川科技,商品+外汇,机械设备,民企,1,2025-10-30,"[""其他"", ""利率互换"", ""场外衍生品"", ""外汇掉期"", ""外汇期权"", ""外汇远期"", ""期权"", ""货币互换"", ""远期结售汇""]"
688325,赛微微电,外汇,电子,民企,1,2025-04-25,"[""其他"", ""外汇掉期"", ""外汇期权"", ""外汇远期"", ""期权"", ""美元""]"
688326,经纬恒润,外汇,计算机,民企,1,2025-04-29,"[""外汇掉期"", ""外汇远期""]"
688329,艾隆科技,外汇,机械设备,民企,1,2025-10-28,"[""其他"", ""利率互换"", ""外汇掉期"", ""期权"", ""远期结售汇""]"
688336,三生国健,外汇,医药生物,外资,1,2025-06-26,"[""利率互换"", ""外汇掉期"", ""外汇远期"", ""日元"", ""期权"", ""欧元"", ""港币"", ""美元"", ""货币互换""]"
688345,博力威,外汇,电力设备,民企,1,2025-08-27,"[""外汇掉期"", ""美元"", ""远期结售汇""]"
688348,昱能科技,外汇,电力设备,外资,1,2025-04-30,"[""其他"", ""期权"", ""欧元"", ""美元"", ""远期结售汇""]"
688349,三一重能,商品,电力设备,民企,1,2025-08-29,"[""期货"", ""铜"", ""锡"", ""镍""]"
688352,颀中科技,外汇,电子,地方国企,1,2025-04-01,"[""日元"", ""美元"", ""远期结售汇""]"
688353,华盛锂电,外汇,电力设备,民企,1,2025-12-30,"[""外汇掉期"", ""外汇远期"", ""期权"", ""美元""]"
688355,明志科技,外汇,机械设备,民企,1,2025-08-30,"[""利率互换"", ""外汇掉期"", ""外汇期权"", ""外汇远期"", ""货币互换""]"
688356,键凯科技,外汇,医药生物,外资,1,2025-08-29,"[""其他"", ""利率互换"", ""外汇掉期"", ""期权"", ""美元"", ""远期结售汇""]"
688358,祥生医疗,外汇,医药生物,民企,1,2025-04-25,"[""其他"", ""外汇掉期"", ""外汇期权"", ""欧元"", ""美元"", ""远期结售汇""]"
688377,迪威尔,外汇,机械设备,民企,1,2025-04-26,"[""场外衍生品"", ""外汇掉期"", ""期权"", ""美元"", ""远期结售汇""]"
688379,华光新材,商品+外汇,机械设备,民企,2,2025-08-30,"[""其他"", ""利率互换"", ""场外衍生品"", ""外汇掉期"", ""外汇远期"", ""期权"", ""期货"", ""欧元"", ""白银"", ""美元"", ""货币互换"", ""远期结售汇"", ""铜"", ""锡""]"
688387,信科移动,外汇,通信,央企,2,2025-04-25,"[""美元"", ""远期结售汇""]"
688388,嘉元科技,商品+外汇,电力设备,民企,2,2026-01-09,"[""场外衍生品"", ""外汇掉期"", ""期权"", ""期货"", ""美元"", ""远期结售汇"", ""铜""]"
688389,普门科技,外汇,医药生物,民企,1,2025-11-28,"[""其他"", ""利率互换"", ""场外衍生品"", ""外汇掉期"", ""外汇远期"", ""期权"", ""远期结售汇""]"
688390,固德威,外汇,电力设备,民企,1,2025-06-04,"[""其他"", ""利率互换"", ""外汇掉期"", ""期权"", ""欧元"", ""美元"", ""远期结售汇""]"
688398,赛特新材,外汇,基础化工,民企,1,2025-04-15,"[""日元"", ""期权"", ""欧元"", ""美元"", ""远期结售汇""]"
688403,汇成股份,外汇,电子,外资,1,2025-03-28,"[""其他"", ""场外衍生品"", ""外汇掉期"", ""外汇远期"", ""日元"", ""期权"", ""美元"", ""货币互换"", ""远期结售汇""]"
688411,海博思创,外汇,电力设备,民企,1,2025-04-29,"[""利率互换"", ""利率掉期"", ""利率期权"", ""场外衍生品"", ""外汇掉期"", ""外汇期权"", ""美元"", ""远期结售汇""]"
688418,震有科技,外汇,通信,民企,1,2025-02-15,"[""其他"", ""利率互换"", ""外汇掉期"", ""外汇期权"", ""远期结售汇""]"
688429,时创能源,商品+外汇,电力设备,民企,1,2025-08-12,"[""场外衍生品"", ""外汇掉期"", ""多晶硅"", ""期权"", ""期货"", ""欧元"", ""白银"", ""美元"", ""远期结售汇"", ""铜""]"
688433,华曙高科,外汇,机械设备,外资,1,2025-04-29,"[""其他"", ""利率互换"", ""外汇掉期"", ""外汇期权"", ""外汇远期"", ""期权"", ""货币互换""]"
688449,联芸科技,外汇,电子,民企,1,2026-04-10,"[""利率互换"", ""利率掉期"", ""外汇掉期"", ""外汇期权"", ""外汇远期"", ""期权"", ""美元""]"
688455,科捷智能,外汇,机械设备,民企,1,2025-07-16,"[""其他"", ""利率互换"", ""外汇掉期"", ""外汇期权"", ""期权"", ""欧元"", ""泰铢"", ""美元"", ""远期结售汇"", ""韩元""]"
688469,芯联集成,外汇,电子,其他,1,2025-05-20,"[""外汇掉期"", ""外汇期权"", ""外汇远期"", ""期权"", ""远期结售汇""]"
688472,阿特斯,外汇,电力设备,外资,1,2025-04-29,"[""外汇掉期"", ""外汇期权"", ""期权"", ""欧元"", ""美元"", ""远期结售汇""]"
688475,萤石网络,外汇,计算机,央企,1,2025-08-02,"[""利率互换"", ""外汇掉期"", ""外汇远期"", ""期权"", ""远期结售汇""]"
688484,南芯科技,外汇,电子,民企,1,2025-08-28,"[""外汇掉期"", ""期权"", ""美元"", ""远期结售汇""]"
688499,利元亨,外汇,电力设备,民企,1,2025-04-30,"[""利率互换"", ""场外衍生品"", ""外汇掉期"", ""期权"", ""美元"", ""远期结售汇""]"
688502,茂莱光学,外汇,电子,民企,1,2025-10-31,"[""利率互换"", ""外汇掉期"", ""外汇期权"", ""外汇远期"", ""期权"", ""欧元"", ""美元"", ""英镑"", ""远期结售汇""]"
688503,聚和材料,商品+外汇,电力设备,民企,1,2025-07-11,"[""利率互换"", ""场外衍生品"", ""外汇掉期"", ""外汇期权"", ""日元"", ""期权"", ""期货"", ""欧元"", ""白银"", ""美元"", ""英镑"", ""货币互换"", ""远期结售汇"", ""银粉""]"
688506,百利天恒,外汇,医药生物,民企,1,2025-03-29,"[""其他"", ""利率互换"", ""外汇掉期"", ""货币互换"", ""远期结售汇""]"
688510,航亚科技,外汇,国防军工,民企,1,2025-03-28,"[""场外衍生品"", ""外汇掉期"", ""期权"", ""美元"", ""货币互换"", ""远期结售汇""]"
688516,奥特维,外汇,电力设备,民企,1,2025-10-29,"[""其他"", ""利率互换"", ""场外衍生品"", ""外汇掉期"", ""外汇远期"", ""日元"", ""期权"", ""欧元"", ""美元"", ""货币互换"", ""远期结售汇""]"
688519,南亚新材,外汇,电子,民企,1,2026-07-14,"[""外汇远期""]"
688525,佰维存储,外汇,电子,民企,1,2024-12-10,"[""其他"", ""利率互换"", ""场外衍生品"", ""外汇掉期"", ""日元"", ""期权"", ""欧元"", ""港币"", ""美元"", ""货币互换"", ""远期结售汇""]"
688529,豪森智能,外汇,机械设备,民企,1,2025-10-31,"[""其他"", ""利率互换"", ""外汇掉期"", ""外汇远期"", ""期权"", ""欧元"", ""美元"", ""货币互换"", ""远期结售汇""]"
688530,欧莱新材,商品+外汇,电子,民企,1,2025-02-13,"[""其他"", ""利率互换"", ""利率远期"", ""外汇掉期"", ""外汇期权"", ""外汇远期"", ""日元"", ""期权"", ""期货"", ""欧元"", ""美元"", ""钼"", ""铜"", ""铝"", ""铟"", ""锡"", ""镍""]"
688533,上声电子,外汇,汽车,民企,1,2025-06-20,"[""其他"", ""利率互换"", ""场外衍生品"", ""外汇掉期"", ""外汇期权"", ""期权"", ""欧元"", ""美元"", ""货币互换"", ""远期结售汇""]"
688536,思瑞浦,外汇,电子,民企,1,2025-10-29,"[""其他"", ""利率互换"", ""外汇掉期"", ""外汇远期"", ""期权"", ""美元"", ""货币互换"", ""远期结售汇""]"
688553,汇宇制药,外汇,医药生物,民企,1,2025-01-25,"[""利率互换"", ""场外衍生品"", ""外汇掉期"", ""期权"", ""远期结售汇""]"
688556,高测股份,商品+外汇,电力设备,民企,2,2025-07-12,"[""其他"", ""利率互换"", ""外汇掉期"", ""外汇期权"", ""多晶硅"", ""期权"", ""期货"", ""欧元"", ""美元"", ""货币互换"", ""远期结售汇""]"
688567,孚能科技,商品,电力设备,地方国企,1,2025-12-11,"[""期货"", ""碳酸锂"", ""铜"", ""铝"", ""镍""]"
688575,亚辉龙,外汇,医药生物,民企,1,2025-01-21,"[""利率互换"", ""外汇掉期"", ""期权"", ""期货"", ""货币互换"", ""远期结售汇""]"
688577,浙海德曼,外汇,机械设备,民企,1,2025-08-27,"[""远期结售汇""]"
688583,思看科技,外汇,机械设备,民企,1,2025-08-01,"[""利率互换"", ""场外衍生品"", ""外汇掉期"", ""外汇期权"", ""外汇远期"", ""期权"", ""远期结售汇""]"
688584,上海合晶,外汇,电子,外资,1,2025-10-25,"[""日元"", ""欧元"", ""美元"", ""远期结售汇""]"
688585,上纬新材,商品+外汇,基础化工,民企,1,2025-11-26,"[""利率"", ""利率互换"", ""商品"", ""场外衍生品"", ""外汇掉期"", ""外汇远期"", ""指数"", ""期权"", ""期货"", ""汇率"", ""证券"", ""货币"", ""货币互换""]"
688588,凌志软件,外汇,计算机,民企,1,2025-04-18,"[""其他"", ""外汇掉期"", ""日元"", ""远期结售汇""]"
688593,新相微,商品+外汇,电子,外资,1,2025-10-25,"[""其他"", ""场外衍生品"", ""外汇掉期"", ""期权"", ""期货"", ""美元"", ""货币互换"", ""远期结售汇""]"
688596,正帆科技,外汇,机械设备,外资,1,2025-04-29,"[""其他"", ""利率互换"", ""外汇掉期"", ""外汇远期"", ""期权"", ""美元"", ""远期结售汇""]"
688599,天合光能,商品+外汇,电力设备,民企,2,2025-07-09,"[""利率互换"", ""场外衍生品"", ""外汇掉期"", ""外汇期权"", ""外汇远期"", ""多晶硅"", ""日元"", ""期权"", ""期货"", ""欧元"", ""白银"", ""碳酸锂"", ""美元"", ""英镑"", ""货币互换"", ""远期结售汇"", ""铝""]"
688601,力芯微,外汇,电子,民企,1,2025-04-12,"[""美元"", ""远期结售汇""]"
688602,康鹏科技,外汇,基础化工,民企,1,2025-12-16,"[""外汇期权"", ""期权"", ""远期结售汇""]"
688606,奥泰生物,外汇,医药生物,民企,1,2025-07-01,"[""外汇掉期"", ""外汇远期"", ""期权"", ""美元"", ""远期结售汇""]"
688607,康众医疗,外汇,医药生物,外资,1,2025-04-26,"[""利率互换"", ""外汇掉期"", ""期权"", ""美元"", ""远期结售汇""]"
688612,威迈斯,商品+外汇,汽车,民企,1,2025-08-26,"[""其他"", ""利率互换"", ""利率掉期"", ""利率期权"", ""场外衍生品"", ""外汇掉期"", ""外汇期权"", ""外汇远期"", ""新币"", ""日元"", ""期权"", ""期货"", ""欧元"", ""港币"", ""美元"", ""货币互换"", ""远期"", ""远期结售汇"", ""铜"", ""铝"", ""镍""]"
688615,合合信息,外汇,计算机,民企,1,2025-04-16,"[""其他"", ""场外衍生品"", ""外汇掉期"", ""期权"", ""期货"", ""美元"", ""货币互换"", ""远期结售汇""]"
688620,安凯微,商品+外汇,电子,外资,1,2025-11-21,"[""其他"", ""利率"", ""利率互换"", ""商品"", ""场外衍生品"", ""外汇掉期"", ""指数"", ""期权"", ""期货"", ""证券"", ""货币互换"", ""远期结售汇""]"
688629,华丰科技,外汇,国防军工,地方国企,1,2024-12-31,"[""欧元"", ""美元"", ""远期结售汇""]"
688638,誉辰智能,外汇,电力设备,民企,1,2025-04-29,"[""外汇掉期"", ""日元"", ""期权"", ""欧元"", ""澳元"", ""美元"", ""远期结售汇""]"
688639,华恒生物,外汇,基础化工,民企,1,2025-04-23,"[""其他"", ""利率互换"", ""外汇掉期"", ""欧元"", ""美元"", ""远期结售汇""]"
688648,中邮科技,外汇,机械设备,央企,1,2025-12-13,"[""其他"", ""利率互换"", ""外汇掉期"", ""外汇远期"", ""日元"", ""期权"", ""欧元"", ""港币"", ""美元"", ""远期结售汇""]"
688655,迅捷兴,外汇,电子,民企,1,2025-07-16,"[""其他"", ""利率互换"", ""外汇掉期"", ""期权"", ""远期结售汇""]"
688662,富信科技,外汇,电子,民企,1,2025-04-25,"[""远期结售汇""]"
688665,四方光电,外汇,机械设备,民企,1,2025-12-27,"[""利率互换"", ""外汇掉期"", ""期权"", ""远期结售汇""]"
688669,聚石化学,商品+外汇,基础化工,民企,2,2025-07-31,"[""利率互换"", ""外汇掉期"", ""外汇远期"", ""期权"", ""期货"", ""液化石油气"", ""聚丙烯"", ""聚乙烯"", ""聚氯乙烯"", ""货币互换"", ""铜""]"
688676,金盘科技,外汇,电力设备,外资,1,2025-08-05,"[""其他"", ""外汇掉期"", ""外汇期权"", ""欧元"", ""美元"", ""远期结售汇""]"
688678,福立旺,外汇,电子,外资,1,2026-03-18,"[""利率互换"", ""场外衍生品"", ""外汇掉期"", ""外汇期权"", ""外汇远期"", ""期权"", ""欧元"", ""美元"", ""远期结售汇""]"
688680,海优新材,外汇,电力设备,民企,1,2025-12-17,"[""其他"", ""利率互换"", ""外汇掉期"", ""期权"", ""欧元"", ""港币"", ""澳元"", ""美元"", ""货币互换"", ""越南盾"", ""远期结售汇""]"
688683,莱尔科技,外汇,电子,民企,1,2025-01-01,"[""其他"", ""外汇掉期"", ""外汇期权"", ""欧元"", ""美元"", ""货币互换"", ""远期结售汇""]"
688698,伟创电气,外汇,机械设备,民企,1,2025-06-26,"[""其他"", ""外汇远期"", ""期权"", ""期货"", ""美元"", ""远期结售汇""]"
688711,宏微科技,外汇,电子,民企,1,2025-07-26,"[""外汇远期"", ""欧元"", ""美元"", ""远期结售汇""]"
688718,唯赛勃,外汇,环保,外资,1,2025-04-29,"[""利率互换"", ""外汇掉期"", ""期权"", ""期货"", ""美元"", ""货币互换"", ""远期结售汇""]"
688726,拉普拉斯,外汇,电力设备,民企,1,2025-04-17,"[""场外衍生品"", ""外汇掉期"", ""外汇期权"", ""期权"", ""美元"", ""远期结售汇""]"
688727,恒坤新材,商品+外汇,电子,民企,1,2025-12-31,"[""场外衍生品"", ""外汇掉期"", ""外汇远期"", ""期权"", ""期货"", ""远期结售汇""]"
688728,格科微,外汇,电子,民企,1,2025-04-29,"[""其他"", ""利率互换"", ""场外衍生品"", ""外汇掉期"", ""外汇远期"", ""日元"", ""期权"", ""欧元"", ""美元""]"
688772,珠海冠宇,商品+外汇,电力设备,民企,1,2025-03-31,"[""利率互换"", ""外汇掉期"", ""外汇远期"", ""期权"", ""期货"", ""碳酸锂"", ""美元"", ""货币互换"", ""铜"", ""铝"", ""镍""]"
688775,影石创新,商品+外汇,电子,民企,1,2025-12-31,"[""其他"", ""利率互换"", ""场外衍生品"", ""外汇掉期"", ""外汇期权"", ""期权"", ""期货"", ""欧元"", ""美元"", ""货币互换"", ""货币掉期"", ""远期"", ""远期结售汇""]"
688777,中控技术,商品+外汇,机械设备,民企,1,2025-08-30,"[""利率互换"", ""场外衍生品"", ""外汇掉期"", ""外汇远期"", ""期权"", ""期货"", ""远期结售汇""]"
688778,厦钨新能,外汇,电力设备,地方国企,1,2025-04-26,"[""远期结售汇""]"
688779,五矿新能,商品,电力设备,央企,1,2025-04-19,"[""期货"", ""锂盐""]"
688789,宏华数科,外汇,机械设备,民企,1,2025-04-26,"[""其他"", ""场外衍生品"", ""外汇掉期"", ""外汇期权"", ""期权"", ""美元"", ""货币互换"", ""远期结售汇""]"
688798,艾为电子,外汇,电子,民企,1,2025-04-10,"[""外汇掉期"", ""外汇远期"", ""期权"", ""美元""]"
688819,天能股份,商品+外汇,电力设备,民企,1,2025-03-28,"[""利率互换"", ""场外衍生品"", ""外汇掉期"", ""外汇远期"", ""期权"", ""期货"", ""欧元"", ""碳酸锂"", ""美元"", ""铅"", ""锡""]"
688981,中芯国际,外汇,电子,其他,1,2025-05-09,"[""人民币"", ""利率互换"", ""外汇掉期"", ""日元"", ""期权"", ""欧元"", ""美元"", ""货币互换"", ""远期结售汇""]"
689009,九号公司,外汇,汽车,民企,1,2025-04-12,"[""场外衍生品"", ""外汇掉期"", ""期权"", ""欧元"", ""美元"", ""远期结售汇""]"
831627,力王股份,商品+外汇,未分类,其他,2,2025-08-26,"[""其他"", ""利率互换"", ""外汇掉期"", ""期权"", ""期货"", ""货币互换"", ""远期结售汇""]"
831641,格利尔,商品+外汇,未分类,其他,2,2025-08-26,"[""利率互换"", ""塑料"", ""外汇掉期"", ""期权"", ""期货"", ""欧元"", ""美元"", ""英镑"", ""货币互换"", ""远期结售汇"", ""铜"", ""铝"", ""锡""]"
831768,拾比佰,外汇,未分类,其他,1,2024-12-12,"[""外汇掉期"", ""外汇期权"", ""美元"", ""远期结售汇""]"
832000,安徽凤凰,外汇,未分类,其他,1,2025-03-31,"[""外汇掉期"", ""外汇期权"", ""欧元"", ""美元"", ""远期结售汇""]"
832278,鹿得医疗,外汇,未分类,其他,1,2025-07-14,"[""利率互换"", ""外汇掉期"", ""外汇期权"", ""期权"", ""远期结售汇""]"
832786,骑士乳业,商品,未分类,其他,1,2025-09-12,"[""期权"", ""期货""]"
833075,柏星龙,外汇,未分类,其他,1,2025-08-22,"[""其他"", ""外汇掉期"", ""外汇远期"", ""欧元"", ""美元"", ""英镑""]"
833171,国航远洋,外汇,未分类,其他,1,2025-09-29,"[""利率互换"", ""外汇掉期"", ""期权"", ""货币互换"", ""远期结售汇""]"
833346,威贸电子,外汇,未分类,其他,1,2025-04-25,"[""利率互换"", ""外汇掉期"", ""期权"", ""货币互换"", ""远期结售汇""]"
833533,骏创科技,外汇,未分类,其他,1,2025-04-22,"[""外汇掉期"", ""期权"", ""美元"", ""远期结售汇""]"
833819,颖泰生物,外汇,未分类,其他,1,2024-12-11,"[""外汇掉期"", ""期权"", ""美元"", ""远期结售汇""]"
833914,远航精密,商品,未分类,其他,1,2025-07-24,"[""期货"", ""铜"", ""铝"", ""镍""]"
834062,科润智控,商品+外汇,未分类,其他,2,2025-07-16,"[""其他"", ""利率互换"", ""外汇掉期"", ""期权"", ""期货"", ""热卷板"", ""货币互换"", ""远期结售汇"", ""铜""]"
834261,一诺威,外汇,未分类,其他,1,2025-04-25,"[""外汇掉期"", ""期权"", ""货币互换"", ""远期结售汇""]"
834639,晨光电缆,商品,未分类,其他,1,2025-04-29,"[""其他"", ""期权"", ""期货"", ""铜"", ""铝""]"
834765,美之高,外汇,未分类,其他,1,2025-04-25,"[""外汇掉期"", ""外汇远期""]"
835185,贝特瑞,外汇,未分类,其他,1,2025-04-15,"[""其他"", ""利率互换"", ""外汇掉期"", ""外汇远期"", ""期权"", ""货币互换"", ""远期结售汇""]"
835237,力佳科技,外汇,未分类,其他,1,2025-04-22,"[""外汇期权"", ""远期结售汇""]"
835368,连城数控,外汇,未分类,其他,1,2025-08-27,"[""其他"", ""利率互换"", ""外汇掉期"", ""期权"", ""货币互换"", ""远期结售汇""]"
836239,长虹能源,外汇,未分类,其他,1,2025-04-18,"[""日元"", ""欧元"", ""美元"", ""远期结售汇""]"
836807,奔朗新材,外汇,未分类,其他,1,2025-04-25,"[""其他"", ""利率互换"", ""外汇掉期"", ""外汇期权"", ""美元"", ""远期结售汇""]"
836826,盖世食品,外汇,未分类,其他,1,2025-01-23,"[""期权"", ""欧元"", ""美元"", ""远期结售汇""]"
836957,汉维科技,商品,未分类,其他,1,2025-09-26,"[""期货"", ""棕榈油"", ""沪锌""]"
837242,建邦科技,外汇,未分类,其他,1,2025-01-08,"[""外汇掉期"", ""期权"", ""美元"", ""远期结售汇""]"
838163,方大新材,外汇,未分类,其他,1,2025-07-29,"[""利率互换"", ""外汇掉期"", ""外汇远期"", ""期权"", ""货币互换"", ""远期结售汇""]"
838971,天马新材,商品,未分类,其他,1,2025-08-26,"[""期货"", ""氧化铝""]"
839167,同享科技,外汇,未分类,其他,1,2025-02-06,"[""外汇掉期"", ""期权"", ""远期结售汇""]"
839371,欧福蛋业,商品,未分类,其他,1,2025-08-22,"[""其他"", ""期货"", ""白砂糖"", ""白糖"", ""鲜鸡蛋"", ""鸡蛋""]"
870726,鸿智科技,外汇,未分类,其他,1,2025-04-25,"[""外汇掉期"", ""外汇期权"", ""美元"", ""远期结售汇""]"
871857,泓禧科技,外汇,未分类,其他,1,2025-08-22,"[""其他"", ""利率互换"", ""外汇掉期"", ""外汇期权"", ""期权"", ""期货"", ""美元"", ""货币互换"", ""远期结售汇""]"
871970,大禹生物,商品,未分类,其他,1,2025-02-26,"[""期货"", ""玉米"", ""生猪"", ""豆粕""]"
871981,晶赛科技,外汇,未分类,其他,1,2025-02-19,"[""其他"", ""利率互换"", ""外汇掉期"", ""日元"", ""期权"", ""欧元"", ""港币"", ""美元"", ""货币互换"", ""远期结售汇"", ""韩元""]"
873132,泰鹏智能,外汇,未分类,其他,1,2024-12-12,"[""期权"", ""美元"", ""远期结售汇""]"
873223,荣亿精密,外汇,未分类,其他,1,2025-02-14,"[""外汇掉期"", ""外汇期权"", ""美元"", ""远期结售汇""]"
873527,夜光明,外汇,未分类,其他,1,2025-08-04,"[""利率互换"", ""外汇掉期"", ""期权"", ""期货"", ""美元"", ""货币互换"", ""远期结售汇""]"
873593,鼎智科技,外汇,未分类,其他,1,2025-01-07,"[""利率互换"", ""外汇掉期"", ""外汇远期"", ""期权"", ""欧元"", ""美元"", ""远期结售汇""]"
873833,美心翼申,外汇,未分类,其他,1,2025-03-31,"[""外汇掉期"", ""期权"", ""远期结售汇""]"
900948,伊泰Ｂ股,商品,未分类,其他,1,2025-08-30,"[""期权"", ""期货""]"
920020,泰凯英,外汇,汽车,外资,1,2025-12-04,"[""其他"", ""外汇掉期"", ""欧元"", ""澳元"", ""美元"", ""远期结售汇""]"
920029,开发科技,外汇,电力设备,央企,1,2025-04-24,"[""利率互换"", ""远期结售汇""]"
920118,太湖远大,外汇,电力设备,民企,2,2025-12-02,"[""其他"", ""利率互换"", ""外汇掉期"", ""日元"", ""期权"", ""期货"", ""美元"", ""货币互换"", ""远期结售汇""]"
920167,同享科技,外汇,电力设备,民企,1,2025-08-12,"[""其他"", ""利率互换"", ""外汇掉期"", ""期权"", ""货币互换"", ""远期结售汇""]"
920185,贝特瑞,外汇,电力设备,民企,1,2025-10-30,"[""远期结售汇""]"
920273,一致魔芋,外汇,食品饮料,民企,1,2025-12-30,"[""其他"", ""利率互换"", ""外汇掉期"", ""外汇远期"", ""期权"", ""期货"", ""欧元"", ""港币"", ""美元"", ""货币互换"", ""远期结售汇""]"
920351,华光源海,外汇,交通运输,民企,1,2025-12-22,"[""利率互换"", ""外汇掉期"", ""外汇期权"", ""美元"", ""远期结售汇""]"
920375,派诺科技,外汇,电力设备,民企,1,2025-12-04,"[""其他"", ""利率互换"", ""外汇掉期"", ""期权"", ""期货"", ""欧元"", ""美元"", ""英镑"", ""货币互换"", ""远期结售汇""]"
920402,硅烷科技,商品,电子,地方国企,1,2025-10-24,"[""工业硅"", ""期货""]"
920523,德瑞锂电,外汇,电力设备,民企,1,2025-10-28,"[""美元"", ""远期结售汇""]"
920627,力王股份,商品+外汇,电力设备,民企,2,2025-12-26,"[""利率互换"", ""外汇掉期"", ""期权"", ""期货"", ""货币互换"", ""远期结售汇"", ""铜"", ""锌""]"
920639,晨光电缆,商品,电力设备,民企,1,2025-12-30,"[""场外衍生品"", ""期货"", ""铜"", ""铝""]"
920866,绿亨科技,商品,基础化工,民企,1,2025-12-12,"[""期货"", ""玉米""]"
920992,中科美菱,外汇,医药生物,地方国企,1,2025-12-09,"[""其他"", ""外汇掉期"", ""外汇远期"", ""期权"", ""欧元"", ""美元""]"
